date,amzn_close,amzn_volume,fb_close,fb_volume,intc_close,intc_volume
2/13/2015,381.829987,3475100,75.739998,18621900,34.360001,18037900
2/17/2015,375.429993,3673200,75.599998,25254400,34.740002,19374100
2/18/2015,373.369995,2650600,76.709999,22426400,34.27,19992900
2/19/2015,379,2953800,79.419998,45851200,34.209999,11017500
2/20/2015,383.660004,3258000,79.900002,36931700,34.41,20955600
2/23/2015,380.140015,2177000,78.839996,24139100,33.759998,25565500
2/24/2015,378.589996,1920800,78.449997,18897100,34.41,29607500
2/25/2015,385.369995,3174500,79.559998,25593800,33.950001,24686300
2/26/2015,384.799988,2687100,80.410004,31111900,33.650002,25928400
2/27/2015,380.160004,2532300,78.970001,30739200,33.25,24427300
3/2/2015,385.660004,2139200,79.750000,21662500,34.060001,25406400
3/3/2015,384.609985,1946500,79.599998,18635000,34.099998,27332000
3/4/2015,382.720001,2259100,80.900002,28126700,34.119999,23005800
3/5/2015,387.829987,2693500,81.209999,27825700,33.73,21225800
3/6/2015,380.089996,2627000,80.010002,24488600,33.189999,32373100
3/9/2015,378.559998,2311400,79.440002,18925100,32.720001,33058800
3/10/2015,369.51001,3121000,77.550003,23067100,31.700001,50278900
3/11/2015,366.369995,2495100,77.570000,20215700,32.330002,49683600
3/12/2015,374.23999,2810000,78.930000,16093300,30.799999,107402400
3/13/2015,370.579987,2611700,78.050003,18557300,30.93,47954700
3/16/2015,373.350006,2354100,78.070000,19305400,30.83,33074600
3/17/2015,371.920013,2037000,79.360001,22170000,30.59,29215600
3/18/2015,375.140015,2654100,80.910004,36912400,30.889999,39834100
3/19/2015,373.23999,1915700,82.750000,42099500,30.74,27414200
3/20/2015,378.48999,3763600,83.800003,44466300,31.309999,64777100
3/23/2015,375.109985,2239300,84.430000,27357300,31.200001,29694000
3/24/2015,374.089996,2228200,85.309998,32576500,30.790001,28471400
3/25/2015,370.959991,3429500,82.919998,37436100,29.889999,37691000
3/26/2015,367.350006,2930000,83.010002,32794800,30.790001,45450100
3/27/2015,370.559998,2609800,83.300003,18372600,32,73857200
3/30/2015,374.589996,1820900,83.199997,24527700,31.459999,51391500
3/31/2015,372.100006,2506100,82.220001,19734300,31.27,32098500
4/1/2015,370.26001,2458100,81.669998,22058200,30.809999,31532100
4/2/2015,372.25,1875300,81.559998,19664100,30.809999,20909600
4/6/2015,377.040009,3050700,82.440002,19062900,31.040001,21490900
4/7/2015,374.410004,1954900,82.320000,17467000,31.26,23258300
4/8/2015,381.200012,2636400,82.279999,18966700,31.309999,18250300
4/9/2015,383.540009,2392300,82.169998,15927300,31.24,34167600
4/10/2015,382.649994,2573500,82.040001,12529700,31.93,28084900
4/13/2015,382.359985,1894500,83.010002,26883100,31.73,23489000
4/14/2015,385.109985,2583600,83.519997,19634200,31.49,39754000
4/15/2015,383.450012,1933200,82.709999,22390900,32.830002,61083500
4/16/2015,386.040009,2080400,82.309998,13769700,32.869999,28903200
4/17/2015,375.559998,3839700,80.779999,24215000,32.470001,30593600
4/20/2015,389.51001,5016100,83.089996,28796800,32.73,20649300
4/21/2015,391.179993,4643500,83.620003,27171900,32.43,19023800
4/22/2015,389.799988,3474700,84.629997,45548000,32.700001,21144200
4/23/2015,389.98999,7980000,82.410004,73728100,32.349998,23775300
4/24/2015,445.100006,17176900,81.529999,29660400,32.080002,22759900
4/27/2015,438.559998,5430900,81.910004,25446000,32.5,25869600
4/28/2015,429.309998,4140500,80.680000,23775300,33.02,29572800
4/29/2015,429.369995,3621700,80.470001,26430300,32.889999,21819000
4/30/2015,421.779999,3647900,78.769997,28999000,32.549999,22013300
5/1/2015,422.869995,3565800,78.989998,24136400,33.419998,27091200
5/4/2015,423.040009,2270400,78.809998,14692000,33.43,21397300
5/5/2015,421.190002,2856400,77.559998,22311300,32.639999,29779200
5/6/2015,419.100006,2552500,78.099998,28663000,32.220001,31985400
5/7/2015,426.880005,2766100,78.430000,19749400,32.240002,21475300
5/8/2015,433.690002,2908800,78.510002,19943600,32.799999,26926500
5/11/2015,432.850006,2393700,78.010002,18874100,32.689999,18358600
5/12/2015,431.019989,1947800,77.459999,21285300,32.25,24530200
5/13/2015,426.869995,1996300,78.440002,21512300,32.639999,20470800
5/14/2015,432.279999,1888500,81.370003,49438000,32.970001,21098900
5/15/2015,426,4240300,80.419998,27069900,32.990002,17149700
5/18/2015,425.23999,2390200,80.879997,21613700,33.41,23689500
5/19/2015,421.709991,2464200,80.629997,17955400,33.150002,21867100
5/20/2015,423.859985,2196200,80.550003,23056900,33.369999,21359800
5/21/2015,431.630005,4121400,80.480003,13402700,33.549999,21269800
5/22/2015,427.630005,2020600,80.540001,19567900,33.450001,20845000
5/26/2015,425.470001,2244200,79.330002,16321300,33.099998,28594500
5/27/2015,431.420013,2231100,80.550003,14160900,33.709999,30172700
5/28/2015,426.570007,1912400,80.150002,11982000,34.009998,27065700
5/29/2015,429.230011,3016100,79.190002,16134600,34.459999,43545500
6/1/2015,430.920013,2253300,80.290001,18119000,33.91,46734500
6/2/2015,430.98999,1668900,80.440002,18923300,33.27,36351100
6/3/2015,436.589996,2727900,82.440002,31775000,32.73,38138700
6/4/2015,430.779999,2510800,82.050003,20863900,32.310001,33761800
6/5/2015,426.950012,1907900,82.139999,16143100,31.84,27778500
6/8/2015,423.5,2172500,80.669998,16915500,31.299999,38171600
6/9/2015,425.480011,2288700,80.669998,16497500,31.25,33976700
6/10/2015,430.769989,2172300,82.160004,21531200,31.82,33336800
6/11/2015,432.970001,2922500,81.830002,18656800,31.85,24293600
6/12/2015,429.920013,2054400,81.529999,11417900,31.32,31629800
6/15/2015,423.670013,2051000,80.709999,18805100,31.389999,23175000
6/16/2015,427.26001,2296400,81.059998,13693700,31.639999,20254500
6/17/2015,427.809998,2185900,81.790001,18350300,31.950001,28194200
6/18/2015,439.390015,3378400,82.910004,26782600,32.380001,27722400
6/19/2015,434.920013,4495100,82.510002,23353200,32.07,39008400
6/22/2015,436.290009,1823600,84.739998,29383100,32.259998,23608400
6/23/2015,445.98999,3245000,87.879997,50667900,32.09,17995900
6/24/2015,440.839996,2620800,88.860001,41370200,31.91,23313900
6/25/2015,440.100006,2237500,87.980003,27302000,31.99,22743300
6/26/2015,438.100006,2624500,88.010002,38214600,31.02,62157200
6/29/2015,429.859985,2753200,85.800003,35957900,30.389999,35194500
6/30/2015,434.089996,2596900,85.769997,23016500,30.42,34412200
7/1/2015,437.390015,1987100,86.910004,25260000,30.18,27178900
7/2/2015,437.709991,1343400,87.290001,16908800,30.559999,27105200
7/6/2015,436.040009,1903200,87.550003,24635900,30.040001,32468100
7/7/2015,436.720001,3454200,87.220001,33059900,29.092021,43833700
7/8/2015,429.700012,2383100,85.650002,24399300,29.052021,45223800
7/9/2015,434.390015,2271400,85.879997,23307400,28.93,47167800
7/10/2015,443.51001,2401000,87.949997,23245900,29.17,31423800
7/13/2015,455.570007,3956800,90.099998,29976700,29.73,26452400
7/14/2015,465.570007,4736200,89.680000,26627800,29.65,39778300
7/15/2015,461.190002,2987400,89.760002,30886600,29.690001,47852500
7/16/2015,475.480011,4095600,90.849998,21804100,29.092021,81166700
7/17/2015,483.01001,4932200,94.970001,54001600,29.469999,43697600
7/20/2015,488.100006,4752500,97.910004,54860500,29.012021,33812900
7/21/2015,488,3181800,98.389999,39453300,28.719999,45191000
7/22/2015,488.269989,3114900,97.040001,28299500,28.610001,36387200
7/23/2015,482.179993,9374400,95.440002,29418800,28.062021,33775200
7/24/2015,529.419983,21909400,96.949997,33444900,28.059999,31621000
7/27/2015,531.409973,7491000,94.169998,38585400,28.35,42161100
7/28/2015,526.030029,5273100,95.290001,35236000,28.959999,33182400
7/29/2015,529,3752600,96.989998,64648300,29.012021,26470200
7/30/2015,536.76001,3743100,95.209999,86211300,28.91,26582400
7/31/2015,536.150024,3025600,94.010002,46509000,28.950001,27158800
8/3/2015,535.030029,3014200,94.139999,29343100,29.049999,26213600
8/4/2015,531.900024,2934600,94.059998,20136000,29.129999,25741700
8/5/2015,537.01001,2889400,96.440002,29813200,29.120001,23622700
8/6/2015,529.460022,3820500,95.120003,42271300,29.012021,27958200
8/7/2015,522.619995,3969200,94.300003,23199100,28.879999,25606100
8/10/2015,524,2615900,94.150002,21624200,29.639999,22807400
8/11/2015,527.460022,2676600,93.620003,22491000,28.969999,23758900
8/12/2015,525.909973,3962300,94.190002,27050500,29.459999,33589100
8/13/2015,529.659973,2895200,93.430000,17451800,28.870001,18821900
8/14/2015,531.52002,1994800,94.419998,15929700,29.02,14302700
8/17/2015,535.219971,2581700,93.930000,18313500,29.082021,15548300
8/18/2015,535.02002,2071300,95.169998,22278800,28.91,19182600
8/19/2015,532.919983,2324000,95.309998,23251300,28.360001,30530100
8/20/2015,515.780029,4408000,90.559998,44598200,27.530001,31936600
8/21/2015,494.470001,6706500,86.059998,62778700,26.559999,52288400
8/24/2015,463.369995,10097600,82.089996,83710700,26.25,83234200
8/25/2015,466.369995,5679300,83.000000,52021200,25.870001,59371900
8/26/2015,500.769989,6358600,87.190002,45124300,27.299999,47386700
8/27/2015,518.369995,6114500,89.730003,42431400,27.719999,38649400
8/28/2015,518.01001,2746700,91.010002,33215900,28.42,43452400
8/31/2015,512.890015,3002300,89.430000,32850700,28.540001,42401800
9/1/2015,496.540009,3864500,87.230003,36097400,27.82,44144000
9/2/2015,510.549988,3707100,89.889999,27190500,28.062021,34618800
9/3/2015,504.720001,3149700,88.150002,27048200,29.082021,38665900
9/4/2015,499,2692500,88.260002,27328700,28.52,29116500
9/8/2015,517.539978,3810700,89.529999,27012500,29.052021,27805000
9/9/2015,516.890015,4370700,90.440002,32551100,29.24,30774100
9/10/2015,522.23999,2576000,91.980003,26437400,29.27,25195800
9/11/2015,529.440002,3227900,92.050003,21185000,29.469999,21786900
9/14/2015,521.380005,3130200,92.309998,20127900,29.389999,24065100
9/15/2015,522.369995,2865900,92.900002,18859400,29.73,29819000
9/16/2015,527.390015,2252800,93.449997,16321200,29.77,25957800
9/17/2015,538.869995,4169500,94.339996,27841800,29.709999,29805200
9/18/2015,540.26001,6160100,94.400002,62300000,29.02,60693400
9/21/2015,548.390015,3283300,95.550003,28790000,29.16,24417100
9/22/2015,538.400024,3841700,92.959999,36888900,28.67,28576200
9/23/2015,536.070007,2237600,93.970001,21701400,28.74,25984000
9/24/2015,533.75,3501000,94.410004,29106000,28.48,32754700
9/25/2015,524.25,4031000,92.769997,28961600,28.809999,29192300
9/28/2015,504.059998,5434500,89.209999,41199900,28.76,42291000
9/29/2015,496.070007,4457500,86.669998,42281800,29.24,34169600
9/30/2015,511.890015,4004700,89.900002,36169100,30.139999,41051700
10/1/2015,520.719971,3768500,90.949997,29283700,30,29832800
10/2/2015,532.539978,4597800,92.070000,37881700,30.51,27901500
10/5/2015,543.679993,3391400,94.010002,27292500,31.209999,34842500
10/6/2015,537.47998,4502800,92.800003,22172800,31.74,34899800
10/7/2015,541.940002,3812100,92.400002,24129300,32.32,36930100
10/8/2015,533.159973,4676400,92.470001,27290500,32.52,27794600
10/9/2015,539.799988,3537400,93.239998,20012900,32.139999,24209900
10/12/2015,550.190002,2776100,94.260002,18449600,32.209999,18795000
10/13/2015,548.900024,2938000,94.120003,19480300,32.040001,35588600
10/14/2015,544.830017,3582100,94.070000,19253400,32.799999,75954800
10/15/2015,562.440002,4937000,95.959999,27557500,32.75,37634800
10/16/2015,570.76001,4315800,97.540001,25412900,33.040001,29371300
10/19/2015,573.150024,4375400,98.470001,23729900,33.59,37624000
10/20/2015,560.880005,4346200,97.000000,30881800,33.439999,24416100
10/21/2015,555.77002,3343600,97.110001,21917800,33.369999,31928800
10/22/2015,563.909973,7779400,99.669998,26392100,34.400002,39572600
10/23/2015,599.030029,10692700,102.190002,42809700,34.900002,42796600
10/26/2015,608.609985,4269700,103.769997,25961200,34.59,22646900
10/27/2015,611.01001,3787100,103.699997,23795500,34.470001,22630100
10/28/2015,617.099976,3926200,104.199997,24081500,34.709999,21908400
10/29/2015,626.549988,3896000,104.879997,20316700,34.029999,21325200
10/30/2015,625.900024,3874400,101.970001,33487100,33.860001,24693900
11/2/2015,628.349976,2816500,103.309998,24003900,34.110001,21743100
11/3/2015,625.309998,3246900,102.580002,21242300,34.310001,18167000
11/4/2015,640.950012,4840500,103.940002,43469300,34.150002,20762100
11/5/2015,655.650024,4723800,108.760002,63232900,34,16486100
11/6/2015,659.369995,4092200,107.099998,35084300,33.84,23701700
11/9/2015,655.48999,4048800,106.489998,26383500,33.349998,24168700
11/10/2015,659.679993,3489500,107.910004,25031700,33.209999,22451700
11/11/2015,673.25,5387300,109.010002,25057100,32.860001,19864700
11/12/2015,665.599976,4284700,108.019997,20924700,32.400002,23265400
11/13/2015,642.349976,6261100,103.949997,30278400,32.110001,23673200
11/16/2015,647.809998,7435900,104.040001,49309200,32.099998,29899700
11/17/2015,643.299988,4320200,105.129997,26807200,32.639999,22636400
11/18/2015,663.539978,4469800,107.769997,23836500,33.16,18619800
11/19/2015,661.27002,4705200,106.260002,25520600,34.299999,45381600
11/20/2015,668.450012,3896100,107.320000,22129600,34.66,41137700
11/23/2015,678.98999,4385100,106.949997,19897200,34.48,20152900
11/24/2015,671.150024,4543400,105.739998,23577300,34.360001,21413500
11/25/2015,675.340027,2697900,105.410004,15150800,34.450001,17939400
11/27/2015,673.26001,1966800,105.449997,5913100,34.459999,6620900
11/30/2015,664.799988,5693200,104.239998,20383200,34.77,21785800
12/1/2015,679.059998,4751200,107.120003,22781900,35.09,23560200
12/2/2015,676.01001,4273500,106.070000,24429100,34.830002,18688200
12/3/2015,666.25,5064700,104.379997,23236500,34.040001,30131100
12/4/2015,672.640015,4534800,106.180000,21224700,34.939999,24901000
12/7/2015,669.830017,3732800,105.610001,15474900,34.990002,17731900
12/8/2015,677.330017,3651900,106.489998,20401800,34.75,13380200
12/9/2015,664.789978,5158200,104.599998,23517300,34.810001,22548300
12/10/2015,662.320007,3455500,105.419998,17454300,34.77,17400700
12/11/2015,640.150024,5474400,102.120003,26427700,34.27,21251400
12/14/2015,657.909973,4329700,104.660004,24648100,34.470001,19357100
12/15/2015,658.640015,4753400,104.550003,21764300,35.18,24365900
12/16/2015,675.77002,3964500,106.790001,22680500,35.299999,23257900
12/17/2015,670.650024,3681600,106.220001,21675700,34.91,24963600
12/18/2015,664.140015,6841300,104.040001,35994200,33.869999,41336600
12/21/2015,664.51001,3250900,104.769997,16138800,34.240002,18006800
12/22/2015,663.150024,2667800,105.510002,14597100,34.73,18422000
12/23/2015,663.700012,2722900,104.629997,19599700,35,12526500
12/24/2015,662.789978,1091200,105.019997,6501800,34.98,5893800
12/28/2015,675.200012,3783600,105.930000,13069700,34.93,9449400
12/29/2015,693.969971,5735000,107.260002,17179900,35.439999,14188600
12/30/2015,689.070007,3519000,106.220001,13115000,34.990002,11566800
12/31/2015,675.890015,3749600,104.660004,18391100,34.450001,14736700
1/4/2016,636.98999,9314500,102.220001,37912400,33.990002,27882200
1/5/2016,633.789978,5822600,102.730003,23258200,33.830002,16709500
1/6/2016,632.650024,5329200,102.970001,25096200,33.080002,25491300
1/7/2016,607.940002,7074900,97.919998,45172900,31.84,37680500
1/8/2016,607.049988,5512900,97.330002,35402300,31.51,29953800
1/11/2016,617.73999,4891600,97.510002,29932400,32.060001,27732400
1/12/2016,617.890015,4724100,99.370003,28395400,32.68,28587700
1/13/2016,581.809998,7655200,95.440002,33410600,31.91,34445700
1/14/2016,593,7238000,98.370003,48658600,32.740002,48728200
1/15/2016,570.179993,7784500,94.970001,46132800,29.76,76373900
1/19/2016,574.47998,4807200,95.260002,30998300,29.799999,28878100
1/20/2016,571.77002,7966400,94.349998,59051400,29.59,39598200
1/21/2016,575.02002,4952200,94.160004,30518900,29.66,30157400
1/22/2016,596.380005,5120100,97.940002,30495400,29.93,25326500
1/25/2016,596.530029,4396100,97.010002,32482000,29.062021,26441000
1/26/2016,601.25,3765700,97.339996,26877100,29.940001,24754900
1/27/2016,583.349976,5152900,94.449997,58699400,29.809999,26384100
1/28/2016,635.349976,14015200,109.110001,107475300,29.969999,22028100
1/29/2016,587,14677600,112.209999,62739500,31.02,38311400
2/1/2016,574.809998,6355100,115.089996,46132700,30.82,19015100
2/2/2016,552.099976,6312000,114.610001,59778600,29.799999,24994300
2/3/2016,531.070007,10048700,112.690002,56919300,29.34,44660100
2/4/2016,536.26001,6199100,110.489998,38890200,29.77,29257800
2/5/2016,502.130005,9708900,104.070000,76894700,29.040001,27957500
2/8/2016,488.100006,9825500,99.750000,71229700,28.82,28725900
2/9/2016,482.070007,7077900,99.540001,62709000,28.809999,22902600
2/10/2016,490.480011,6786200,101.000000,45179400,28.23,27267800
2/11/2016,503.820007,7397400,101.910004,43670600,28.219999,28450200
2/12/2016,507.079987,5384800,102.010002,36176800,28.639999,19699000
2/16/2016,521.099976,5118500,101.610001,45687200,28.780001,30705200
2/17/2016,534.099976,4824000,105.199997,44073400,29.469999,27691700
2/18/2016,525,4735000,103.470001,29593500,29.42,20623300
2/19/2016,534.900024,4974700,104.570000,32404500,28.709999,42056700
2/22/2016,559.5,5566600,107.160004,35709700,29.35,23893100
2/23/2016,552.940002,4050800,105.459999,25319300,28.799999,26638200
2/24/2016,554.039978,6231700,106.879997,34412400,29.190001,21593600
2/25/2016,555.150024,4525500,108.070000,29906300,29.620001,17571400
2/26/2016,555.22998,4877000,107.919998,26686200,29.799999,19902200
2/29/2016,552.52002,4145400,106.919998,32779000,29.59,22903100
3/1/2016,579.039978,5038500,109.820000,26817300,30.370001,25502600
3/2/2016,580.210022,4582200,109.949997,25670200,30.540001,23779800
3/3/2016,577.48999,2741300,109.580002,21353100,30.58,25625200
3/4/2016,575.140015,3416500,108.389999,24938900,30.629999,20356800
3/7/2016,562.799988,4926900,105.730003,31436400,30.940001,18858200
3/8/2016,560.26001,4730000,105.930000,25617000,30.559999,19104900
3/9/2016,559.469971,4377300,107.510002,20493300,30.870001,14707800
3/10/2016,558.929993,3919900,107.320000,24854300,31.25,29584800
3/11/2016,569.609985,3771300,109.410004,20697600,31.76,22811200
3/14/2016,573.369995,3454200,109.889999,17249400,31.43,17438600
3/15/2016,577.02002,3876800,110.669998,17618500,31.65,16927700
3/16/2016,574.27002,3537700,112.180000,24744800,31.690001,26298400
3/17/2016,559.440002,5928100,111.019997,24241200,31.98,22865300
3/18/2016,552.080017,7296900,111.449997,36256900,32.68,49934200
3/21/2016,553.97998,5155700,111.849998,18448000,32.34,21760900
3/22/2016,560.47998,4000600,112.250000,19001100,32.32,22200400
3/23/2016,569.630005,3983700,112.540001,18562000,32,18765300
3/24/2016,582.950012,5185500,113.050003,17839100,31.879999,14211900
3/28/2016,579.869995,3121500,113.690002,21351800,31.9,11433000
3/29/2016,593.859985,4392600,116.139999,29825300,32.380001,15313200
3/30/2016,598.690002,3890500,114.699997,33235200,32.709999,16598000
3/31/2016,593.640015,2681800,114.099998,21207500,32.349998,17880000
4/1/2016,598.5,2917400,116.059998,24760500,32.450001,18049700
4/4/2016,593.190002,2470800,112.550003,48487900,32,21581600
4/5/2016,586.140015,2308900,112.220001,22962400,31.9,20080000
4/6/2016,602.080017,2849900,113.709999,20814600,32.080002,15740600
4/7/2016,591.429993,3189000,113.639999,20714500,31.549999,23738200
4/8/2016,594.599976,2591900,110.629997,48497800,31.629999,17031900
4/11/2016,595.929993,2704300,108.989998,39762300,31.67,19707700
4/12/2016,603.169983,2641100,110.610001,26248100,31.860001,16774200
4/13/2016,614.820007,4228300,110.510002,88227400,32.130001,19968100
4/14/2016,620.75,3512100,110.839996,28473300,31.799999,21620900
4/15/2016,625.890015,2887700,109.639999,20922800,31.459999,28782800
4/18/2016,635.349976,4360900,110.449997,21167200,31.65,21566600
4/19/2016,627.900024,4055900,112.290001,30210500,31.6,33619300
4/20/2016,632.98999,2609400,112.419998,21027900,32,57629800
4/21/2016,631,2596300,113.440002,20875200,31.969999,28431400
4/22/2016,620.5,5083900,110.559998,38458200,31.639999,29625600
4/25/2016,626.200012,2682900,110.099998,21017900,31.389999,19315700
4/26/2016,616.880005,2521400,108.760002,22521500,31.4,20976400
4/27/2016,606.570007,4068800,108.889999,52213100,31.75,20006200
4/28/2016,602,7872600,116.730003,87110100,31.110001,25146400
4/29/2016,659.590027,10310700,117.580002,37140600,30.280001,36443700
5/2/2016,683.849976,6578500,118.570000,28095200,30.610001,21086600
5/3/2016,671.320007,4923400,117.430000,24117500,30.360001,27111100
5/4/2016,670.900024,4635500,118.059998,23448400,29.85,23278800
5/5/2016,659.090027,4884100,117.809998,22056700,29.092021,23393300
5/6/2016,673.950012,4365300,119.489998,26395600,30.040001,19632200
5/9/2016,679.75,3982200,119.239998,21138100,29.799999,16888300
5/10/2016,703.070007,6105600,120.500000,23220000,30.139999,17013800
5/11/2016,713.22998,7338200,119.519997,22038400,30.059999,15754200
5/12/2016,717.929993,5048200,120.279999,22035500,29.76,20826700
5/13/2016,709.919983,4763400,119.809998,18124300,29.91,19999600
5/16/2016,710.659973,5432900,118.669998,31247800,30.389999,21826100
5/17/2016,695.27002,5121400,117.349998,21328600,29.98,25709900
5/18/2016,697.450012,4283200,117.650002,21642300,29.99,22469900
5/19/2016,698.52002,3025600,116.809998,20544100,29.629999,21740900
5/20/2016,702.799988,2916200,117.349998,18944800,30.15,22777300
5/23/2016,696.75,2595100,115.970001,20441000,30.23,20881900
5/24/2016,704.200012,3033800,117.699997,20183600,31.059999,23699200
5/25/2016,708.349976,3267700,117.889999,20019800,31.389999,18359600
5/26/2016,714.909973,2446700,119.470001,18481300,31.49,12692300
5/27/2016,712.23999,2249200,119.379997,13493600,31.57,13341300
5/31/2016,722.789978,3618300,118.809998,23547600,31.59,23040200
6/1/2016,719.440002,3263100,118.779999,15029500,31.66,17753500
6/2/2016,728.23999,3026600,118.930000,13228300,31.76,14140100
6/3/2016,725.539978,3367300,118.470001,14135100,31.620001,15777500
6/6/2016,726.72998,2704800,118.790001,12744700,31.68,15139600
6/7/2016,723.73999,2732500,117.760002,17103000,31.879999,19339100
6/8/2016,726.640015,2223400,118.389999,14505600,31.889999,12732100
6/9/2016,727.650024,2170300,118.559998,13859200,31.940001,11276800
6/10/2016,717.909973,3425700,116.620003,18510800,32.040001,35749100
6/13/2016,715.23999,3352200,113.949997,31718200,32.169998,23004800
6/14/2016,719.299988,2506900,114.940002,17618500,32.139999,18754300
6/15/2016,714.26001,2709400,114.599998,19819400,31.610001,23783300
6/16/2016,717.51001,3098000,114.389999,19236300,31.690001,18547900
6/17/2016,706.390015,5897800,113.019997,24644300,31.76,27047900
6/20/2016,714.01001,3677200,113.370003,20785400,32.169998,21961600
6/21/2016,715.820007,2137500,114.379997,19166300,32.32,15476500
6/22/2016,710.599976,2260500,113.910004,14846300,32.290001,18304800
6/23/2016,722.080017,2825000,115.080002,16176900,32.990002,22048800
6/24/2016,698.960022,7632500,112.080002,40643100,31.549999,38094300
6/27/2016,691.359985,5568000,108.970001,36130400,30.719999,34965100
6/28/2016,707.950012,4037000,112.699997,26813800,31.190001,23693900
6/29/2016,715.599976,3070100,114.160004,20968300,31.93,22771100
6/30/2016,715.619995,2855100,114.279999,23192700,32.799999,34528900
7/1/2016,725.679993,2920400,114.190002,14980000,32.75,17084600
7/5/2016,728.099976,2431400,114.199997,14207000,32.68,20107200
7/6/2016,737.609985,3938200,116.699997,24337600,32.970001,21070200
7/7/2016,736.570007,2945800,115.849998,16630200,33.200001,26119400
7/8/2016,745.809998,3429200,117.239998,18142600,34,23341900
7/11/2016,753.780029,3195300,117.870003,17711600,34.380001,23820700
7/12/2016,748.210022,5623700,117.930000,15217700,34.939999,28064100
7/13/2016,742.630005,4142300,116.779999,16207700,35.009998,29120900
7/14/2016,741.200012,2390500,117.290001,14579700,35.200001,25296400
7/15/2016,735.440002,3121400,116.860001,16646000,35.07,23661900
7/18/2016,736.070007,2954900,119.370003,20868400,35.049999,19347200
7/19/2016,739.950012,2216800,120.610001,21541300,35.150002,20395400
7/20/2016,745.719971,2214000,121.919998,20046500,35.689999,42994200
7/21/2016,744.429993,2317100,120.610001,17801700,34.27,63708600
7/22/2016,744.859985,2277700,121.000000,18422400,34.66,33033700
7/25/2016,739.609985,2679300,121.629997,18487400,34.689999,20277700
7/26/2016,735.590027,2529700,121.220001,17612000,35.09,29644400
7/27/2016,736.669983,2913100,123.339996,52654200,34.830002,23601800
7/28/2016,752.609985,7617600,125.000000,78955800,34.77,21667400
7/29/2016,758.809998,6777100,123.940002,35058800,34.860001,18171200
8/1/2016,767.73999,3578200,124.309998,25006900,34.849998,18824400
8/2/2016,760.580017,3603300,123.089996,23968400,34.560001,20057300
8/3/2016,754.640015,3581500,122.510002,18525300,34.25,18388800
8/4/2016,760.77002,3178200,124.360001,21066000,34.580002,16362600
8/5/2016,765.97998,2704400,125.150002,20184000,34.98,20046200
8/8/2016,766.559998,1986300,125.260002,15233900,35.040001,19497300
8/9/2016,768.309998,1876100,125.059998,19621000,34.919998,12578900
8/10/2016,768.559998,1604300,124.879997,10670100,34.529999,19579000
8/11/2016,771.23999,2019700,124.900002,11729500,34.68,16364100
8/12/2016,772.559998,1563300,124.879997,12159000,34.57,15708300
8/15/2016,768.48999,2118500,123.900002,19295100,34.91,18931100
8/16/2016,764.039978,1604600,123.300003,14222400,35.209999,16320900
8/17/2016,764.630005,1891100,124.370003,13794200,35.02,18221600
8/18/2016,764.460022,1458800,123.910004,12400800,34.970001,16085200
8/19/2016,757.309998,2343200,123.559998,11688300,35.240002,16417600
8/22/2016,759.47998,1679300,124.150002,14386400,35.360001,14941400
8/23/2016,762.450012,1524100,124.370003,13309500,35.400002,18316000
8/24/2016,757.25,1744100,123.480003,12243700,35.150002,16343500
8/25/2016,759.219971,1623000,123.889999,10730800,35.09,12428000
8/26/2016,769,2776800,124.959999,17504800,35.259998,14469900
8/29/2016,771.289978,2198600,126.540001,15925900,35.549999,15264300
8/30/2016,767.580017,1709200,125.839996,17804300,35.700001,15183200
8/31/2016,769.159973,1633800,126.120003,14200600,35.889999,20562700
9/1/2016,770.619995,1792300,126.169998,13536100,36.02,18925800
9/2/2016,772.440002,2181800,126.510002,12118800,36.080002,16726700
9/6/2016,788.869995,3719800,129.729996,26278400,36.57,22337800
9/7/2016,784.47998,2424600,131.050003,27990800,36.459999,18495600
9/8/2016,784.059998,2030500,130.270004,15676600,36.439999,20356500
9/9/2016,760.140015,4257300,127.099998,27100700,35.439999,29457900
9/12/2016,771.48999,3124700,128.690002,21252800,36.080002,22796600
9/13/2016,761.01001,3117200,127.209999,18016200,35.610001,23591300
9/14/2016,761.090027,2523000,127.769997,15691100,35.619999,14074500
9/15/2016,769.690002,3034000,128.350006,15077200,36.560001,23736000
9/16/2016,778.52002,5499200,129.070007,24119200,37.669998,74577900
9/19/2016,775.099976,2297200,128.649994,14958800,37.16,30531700
9/20/2016,780.219971,1937200,128.639999,11083800,37.139999,24796900
9/21/2016,789.73999,2718600,129.940002,14068300,37.450001,21233700
9/22/2016,804.700012,4078900,130.080002,15538300,37.549999,17013400
9/23/2016,805.75,2353500,127.959999,28326300,37.189999,18062500
9/26/2016,799.159973,2651400,127.309998,15064900,36.650002,25518800
9/27/2016,816.109985,3819600,128.690002,15637100,37.18,22391600
9/28/2016,828.719971,4422100,129.229996,12047600,37.439999,19020800
9/29/2016,829.049988,4922200,128.089996,14532200,37.32,17675000
9/30/2016,837.309998,4430600,128.270004,18402900,37.75,24279300
10/3/2016,836.73999,2769400,128.770004,13156900,37.66,14113600
10/4/2016,834.030029,2950300,128.190002,14307500,37.540001,14393100
10/5/2016,844.359985,3469100,128.470001,12386800,37.990002,22420800
10/6/2016,841.659973,2684000,128.740005,11682700,38.07,15171400
10/7/2016,839.429993,2426200,128.990005,12804400,38.099998,16942500
10/10/2016,841.710022,1827100,130.240005,15138700,38.02,14954300
10/11/2016,831,3588200,128.880005,17537900,37.27,27650500
10/12/2016,834.090027,2380400,129.050003,11073000,37.130001,14053900
10/13/2016,829.280029,3091400,127.820000,17139300,36.970001,16936000
10/14/2016,822.960022,2999800,127.879997,13345300,37.450001,19123900
10/17/2016,812.950012,3361500,127.540001,11351700,37.290001,15788100
10/18/2016,817.650024,2512500,128.570007,13504000,37.75,42907800
10/19/2016,817.690002,2090700,130.110001,16752300,35.509998,75229000
10/20/2016,810.320007,3152000,130.000000,13167500,35.43,25669500
10/21/2016,818.98999,2793000,132.070007,19088800,35.150002,20813200
10/24/2016,838.090027,4060900,133.279999,17470200,35.259998,21524700
10/25/2016,835.179993,3248400,132.289993,13336800,35.099998,17860300
10/26/2016,822.590027,3998100,131.039993,13084700,34.919998,19977600
10/27/2016,818.359985,7406400,129.690002,16741400,34.810001,14634700
10/28/2016,776.320007,10841100,131.289993,24545500,34.740002,22296400
10/31/2016,789.820007,5413300,130.990005,15669000,34.869999,19188600
11/1/2016,785.409973,5305400,129.500000,22077800,34.52,25368200
11/2/2016,765.559998,5026500,127.169998,39640900,34.599998,21416400
11/3/2016,767.030029,3872500,120.000000,63766300,33.93,19400000
11/4/2016,755.049988,5122100,120.750000,30545500,33.610001,21914700
11/7/2016,784.929993,5984400,122.150002,23008900,34.689999,19296600
11/8/2016,787.75,3412600,124.220001,19460800,34.740002,14833100
11/9/2016,771.880005,8562900,123.180000,31916000,34.75,25999400
11/10/2016,742.380005,12747000,120.800003,67846700,34.5,28249900
11/11/2016,739.01001,6622800,119.019997,32840100,34.610001,22665000
11/14/2016,719.070007,7321300,115.080002,51377000,34.48,22558900
11/15/2016,743.23999,6755800,117.199997,34681400,34.91,20676100
11/16/2016,746.48999,3648800,116.339996,32397900,34.84,18565500
11/17/2016,756.400024,3690100,117.790001,18597800,35.02,15748500
11/18/2016,760.159973,4373400,117.019997,22879300,34.950001,16806900
11/21/2016,780,4614600,121.769997,35415400,34.98,14259500
11/22/2016,785.330017,5311300,121.470001,26089200,35.48,22327400
11/23/2016,780.119995,3540300,120.839996,15672100,35.200001,15843100
11/25/2016,780.369995,1837100,120.379997,8658600,35.439999,6372800
11/28/2016,766.77002,4438800,120.410004,18101300,35.509998,13549000
11/29/2016,762.52002,3272300,120.870003,18891000,35.310001,19581000
11/30/2016,750.570007,4625900,118.419998,30188900,34.700001,27016100
12/1/2016,743.650024,4666000,115.099998,43277000,33.759998,29618700
12/2/2016,740.340027,3561300,115.400002,25070400,34.16,21492500
12/5/2016,759.359985,4314700,117.430000,20201500,34.389999,14462000
12/6/2016,764.719971,3794700,117.309998,19131200,34.720001,15297700
12/7/2016,770.419983,3684900,117.949997,21913700,35.5,21710300
12/8/2016,767.330017,3189600,118.910004,22442800,35.700001,19966500
12/9/2016,768.659973,2470900,119.680000,17464700,35.759998,16326900
12/12/2016,760.119995,2963900,117.769997,17805500,35.970001,21985800
12/13/2016,774.340027,5285300,120.309998,29768000,36.799999,35773600
12/14/2016,768.820007,5454800,120.209999,25913100,36.549999,30819400
12/15/2016,761,3801900,120.570000,20139600,36.790001,23721500
12/16/2016,757.77002,4848200,119.870003,25324300,36.310001,38212800
12/19/2016,766,3113200,119.239998,15918100,36.889999,18744300
12/20/2016,771.219971,2703600,119.089996,13684400,37.209999,18551800
12/21/2016,770.599976,2044600,119.040001,10767600,36.98,14323600
12/22/2016,766.340027,2543600,117.400002,16258600,36.93,10793900
12/23/2016,760.590027,1981600,117.269997,10890000,36.970001,6287300
12/27/2016,771.400024,2638700,118.010002,12051500,37.07,9033700
12/28/2016,772.130005,3301000,116.919998,12087400,36.630001,12868600
12/29/2016,765.150024,3158300,116.349998,9934900,36.66,8447300
12/30/2016,749.869995,4139400,115.050003,18684100,36.27,17468000
1/3/2017,753.669983,3521100,116.860001,20663900,36.599998,20196500
1/4/2017,757.179993,2510500,118.690002,19630900,36.41,15915700
1/5/2017,780.450012,5830100,120.669998,19492200,36.349998,13986000
1/6/2017,795.98999,5986200,123.410004,28545300,36.48,15114000
1/9/2017,796.919983,3446100,124.900002,22880400,36.610001,19461400
1/10/2017,795.900024,2558400,124.349998,17324600,36.540001,15918800
1/11/2017,799.02002,2992800,126.089996,18356500,36.950001,22398400
1/12/2017,813.640015,4873900,126.620003,18653900,36.709999,20391900
1/13/2017,817.140015,3791900,128.339996,24884300,36.790001,15072200
1/17/2017,809.719971,3670500,127.870003,15294500,36.799999,20195200
1/18/2017,807.47998,2354200,127.919998,13145900,36.759998,15382500
1/19/2017,809.039978,2540800,127.550003,12195500,36.57,13654500
1/20/2017,808.330017,3376200,127.040001,19097200,36.939999,23950900
1/23/2017,817.880005,2797500,128.929993,16593600,36.77,27752600
1/24/2017,822.440002,2971700,129.369995,15162700,37.619999,35140900
1/25/2017,836.52002,3922600,131.479996,18731300,37.799999,32276400
1/26/2017,839.150024,3586300,132.779999,20020100,37.560001,34144800
1/27/2017,835.77002,2998700,132.179993,19539500,37.98,44368600
1/30/2017,830.380005,3747300,130.979996,18956100,37.419998,23954700
1/31/2017,823.47998,3137200,130.320007,19790500,36.82,27059100
2/1/2017,832.349976,3850200,133.229996,50139800,36.52,28380600
2/2/2017,839.950012,7350500,130.839996,54366400,36.68,31916900
2/3/2017,810.200012,10868800,130.979996,24804900,36.52,21038100
2/6/2017,807.640015,3897300,132.059998,17058500,36.27,21427000
2/7/2017,812.5,3466100,131.839996,14596400,36.349998,18581900
2/8/2017,819.710022,2858000,134.199997,22390600,36.380001,20807400
2/9/2017,821.359985,2484900,134.139999,16470600,35.459999,47802700
2/10/2017,827.460022,2429600,134.190002,15061900,35.34,44106500
2/13/2017,836.530029,4172600,134.050003,13526200,35.799999,28180600
2/14/2017,836.390015,2792400,133.850006,14364900,35.93,25734800
2/15/2017,842.700012,2968900,133.440002,13226500,36.049999,18452200
2/16/2017,844.140015,2714700,133.839996,12831100,36.41,21317500
2/17/2017,845.070007,3112300,133.529999,12276500,36.48,18909900
2/21/2017,856.440002,3507700,133.720001,14759100,36.52,20556000
2/22/2017,855.609985,2617000,136.119995,27360100,36.07,29904400
2/23/2017,852.190002,3462000,135.360001,18422500,36.18,22775000
2/24/2017,845.23999,3688000,135.440002,12625700,36.529999,18617600
2/27/2017,848.640015,2713600,136.410004,14306700,36.509998,14065200
2/28/2017,845.039978,2793700,135.539993,16112100,36.200001,24977000
3/1/2017,853.080017,2760100,137.419998,16257000,35.93,34085900
3/2/2017,848.909973,2132100,136.759995,12294800,35.91,23602100
3/3/2017,849.880005,1941100,137.169998,11160600,35.900002,17538100
3/6/2017,846.609985,2610400,137.419998,12748200,35.57,24416700
3/7/2017,846.02002,2247600,137.300003,13527100,35.799999,23434900
3/8/2017,850.5,2286500,137.720001,10184500,35.619999,20920100
3/9/2017,853,2048200,138.240005,15535300,35.82,23616800
3/10/2017,852.460022,2436400,138.789993,16314100,35.91,25402300
3/13/2017,854.590027,1909700,139.600006,10955500,35.16,53582900
3/14/2017,852.530029,2130600,139.320007,12944000,35.18,28586900
3/15/2017,852.969971,2562200,139.720001,19344800,35.099998,27996100
3/16/2017,853.419983,1842300,139.990005,13612900,35.139999,19616100
3/17/2017,852.309998,3384400,139.839996,20592800,35.27,30778900
3/20/2017,856.969971,2282700,139.940002,12099500,35.43,17322300
3/21/2017,843.200012,4382900,138.509995,29894800,35.040001,22814500
3/22/2017,848.059998,2658700,139.589996,17055400,35.369999,19144500
3/23/2017,847.380005,1953000,139.529999,13022800,35.27,20640400
3/24/2017,845.609985,2138300,140.339996,16664700,35.16,22188000
3/27/2017,846.820007,2755800,140.320007,12800500,35.389999,16992200
3/28/2017,856,3041600,141.759995,14679400,35.599998,18398100
3/29/2017,874.320007,4485800,142.649994,16527600,35.57,17202600
3/30/2017,876.340027,2762700,142.410004,12404000,35.75,16433000
3/31/2017,886.539978,3957600,142.050003,11478300,36.07,21438400
4/3/2017,891.51001,3422300,142.279999,13564000,36.16,32013600
4/4/2017,906.830017,4984700,141.729996,12948600,36.279999,18918000
4/5/2017,909.280029,7508400,141.850006,17158100,36.220001,22455500
4/6/2017,898.280029,6344100,141.169998,15103400,36.029999,20198200
4/7/2017,894.880005,3710900,140.779999,11818300,36.029999,15689500
4/10/2017,907.039978,3184300,141.039993,9039400,35.799999,19973700
4/11/2017,902.359985,3012700,139.919998,16638100,35.740002,22711800
4/12/2017,896.22998,2456100,139.580002,11612500,35.630001,19289800
4/13/2017,884.669983,3174600,139.389999,10965600,35.25,15764000
4/17/2017,901.98999,2854700,141.419998,11519700,35.48,12560700
4/18/2017,903.780029,2999200,140.960007,14807500,35.77,12321100
4/19/2017,899.200012,2870200,142.270004,15563900,35.91,16594600
4/20/2017,902.059998,2814400,143.800003,15968200,36.18,22968300
4/21/2017,898.530029,2420500,143.679993,12382000,36.32,20390500
4/24/2017,907.409973,3122900,145.470001,14407200,36.75,26305800
4/25/2017,907.619995,3380600,146.490005,17767500,36.869999,22066800
4/26/2017,909.289978,2608900,146.559998,12395000,36.93,27241000
4/27/2017,918.380005,5305500,147.699997,11275100,37.43,39890000
4/28/2017,924.98999,7364700,150.250000,30652200,36.150002,56769300
5/1/2017,948.22998,5466500,152.460007,25218300,36.310001,24825600
5/2/2017,946.940002,3848800,152.779999,21870400,36.970001,35813000
5/3/2017,941.030029,3582700,151.800003,29782500,36.98,22040300
5/4/2017,937.530029,2418400,150.850006,36225500,36.849998,16437100
5/5/2017,934.150024,2866400,150.240005,17148500,36.82,18119200
5/8/2017,949.039978,3415700,151.059998,15827500,36.540001,17660200
5/9/2017,952.820007,3262100,150.479996,17453900,36.369999,17819100
5/10/2017,948.950012,2096500,150.289993,12080700,36.009998,25133800
5/11/2017,947.619995,2194100,150.039993,11841900,35.689999,21508900
5/12/2017,961.349976,3625900,150.330002,9598200,35.529999,19730800
5/15/2017,957.969971,4270600,150.190002,15064700,35.630001,22120100
5/16/2017,966.070007,3126100,149.779999,14550800,35.82,22291800
5/17/2017,944.76001,5145600,144.850006,28300100,35.040001,26670200
5/18/2017,958.48999,3939300,147.660004,23031600,35.220001,17171900
5/19/2017,959.840027,3972100,148.059998,16187900,35.400002,18340100
5/22/2017,970.669983,2642200,148.240005,12586700,35.77,14638100
5/23/2017,971.539978,2415600,148.070007,12817800,35.860001,16903700
5/24/2017,980.349976,2446000,150.039993,17862400,36.119999,20640600
5/25/2017,993.380005,4822000,151.960007,19891400,36.259998,13148500
5/26/2017,995.780029,3469200,152.130005,14996200,36.259998,11145500
5/30/2017,996.700012,3263100,152.380005,13226000,36.18,13026900
5/31/2017,994.619995,3913100,151.460007,18023900,36.110001,17741900
6/1/2017,995.950012,2454800,151.529999,14530600,36.119999,17510900
6/2/2017,1006.72998,3752300,153.610001,16854400,36.32,19127400
6/5/2017,1011.340027,2719900,153.630005,12520400,36.34,11685700
6/6/2017,1003,3346400,152.809998,13457100,36.130001,18420900
6/7/2017,1010.070007,2823000,153.119995,12066700,36.259998,17192000
6/8/2017,1010.27002,2767900,154.710007,17799400,36.48,17154200
6/9/2017,978.309998,7647700,149.600006,35577700,35.709999,33322100
6/12/2017,964.909973,9447200,148.440002,33170200,35.73,28488300
6/13/2017,980.789978,4580000,150.679993,20483400,35.880001,20588200
6/14/2017,976.469971,3974900,150.250000,20808800,35.529999,19149000
6/15/2017,964.169983,5373900,149.800003,18994200,35.310001,20410000
6/16/2017,987.710022,11472700,150.639999,22882400,35.209999,30762800
6/19/2017,995.169983,5043400,152.869995,19026500,35.509998,21583800
6/20/2017,992.590027,4076800,152.250000,14743900,34.860001,21536500
6/21/2017,1002.22998,2922500,153.910004,15039800,34.580002,27138500
6/22/2017,1001.299988,2253400,153.399994,13005500,34.360001,24602900
6/23/2017,1003.73999,2879100,155.070007,18027000,34.189999,29260900
6/26/2017,993.97998,3386200,153.589996,18049700,34.07,18854800
6/27/2017,976.780029,3782400,150.580002,19360800,33.650002,27078900
6/28/2017,990.330017,3737600,153.240005,16719100,34.200001,25940100
6/29/2017,975.929993,4303000,151.039993,23973500,33.540001,25215700
6/30/2017,968,3390300,150.979996,17666000,33.740002,24432000
7/3/2017,953.659973,2909100,148.429993,13862700,33.459999,12676900
7/5/2017,971.400024,3653000,150.339996,14334300,34.34,30010800
7/6/2017,965.140015,3259600,148.820007,14951800,33.630001,20733200
7/7/2017,978.76001,2643400,151.440002,13615900,33.880001,18304500
7/10/2017,996.469971,3546300,153.500000,13378700,33.650002,29918400
7/11/2017,994.130005,2982700,155.270004,13667700,33.919998,25737500
7/12/2017,1006.51001,3608600,158.899994,22739400,34.25,23768300
7/13/2017,1000.630005,2880800,159.259995,13929200,34.240002,15046200
7/14/2017,1001.809998,2102500,159.970001,16371200,34.68,16316400
7/17/2017,1010.039978,3712600,159.729996,12858800,34.470001,21044400
7/18/2017,1024.449951,4007600,162.860001,23722900,34.529999,14362800
7/19/2017,1026.869995,2964000,164.139999,26273600,34.560001,17036200
7/20/2017,1028.699951,3097500,164.529999,18523100,34.75,17506200
7/21/2017,1025.670044,2734600,164.429993,14744000,34.73,22245000
7/24/2017,1038.949951,3288000,166.000000,17367000,34.5,16146300
7/25/2017,1039.869995,2447600,165.279999,15383200,34.669998,18096700
7/26/2017,1052.800049,2921300,165.610001,35236900,34.75,15499300
7/27/2017,1046,10991700,170.440002,68910700,34.970001,43062800
7/28/2017,1020.039978,7709400,172.449997,24557600,35.310001,36291500
7/31/2017,987.780029,7352100,169.250000,25478900,35.470001,27057000
8/1/2017,996.190002,4572600,169.860001,14385000,36.349998,38710200
8/2/2017,995.890015,4070000,169.300003,17433800,36.639999,35004300
8/3/2017,986.919983,3255800,168.589996,10793800,36.490002,26611300
8/4/2017,987.580017,2730300,169.619995,10777700,36.299999,20520300
8/7/2017,992.27002,2676600,171.979996,12787800,36.43,18169300
8/8/2017,989.840027,2902800,171.229996,14393500,36.41,22819900
8/9/2017,982.01001,3569700,171.179993,10815000,36.59,22796800
8/10/2017,956.919983,5684100,167.399994,20832700,36.139999,22693300
8/11/2017,967.98999,3468000,168.080002,13791200,35.869999,19275100
8/14/2017,983.299988,3172900,170.750000,12954200,36.34,18469400
8/15/2017,982.73999,2549300,171.000000,8729200,36,21706600
8/16/2017,978.179993,3132100,170.000000,15779900,35.810001,22014000
8/17/2017,960.570007,3512400,166.910004,17216000,35.169998,19525000
8/18/2017,958.469971,3284800,167.410004,15093600,35.009998,16231400
8/21/2017,953.289978,3164500,167.779999,11907500,34.919998,26493300
8/22/2017,966.900024,2750000,169.639999,11391000,34.650002,26097800
8/23/2017,958,2668300,168.710007,9856500,34.66,19648100
8/24/2017,952.450012,5195700,167.740005,14030400,34.709999,14301900
8/25/2017,945.26001,3324800,166.320007,12614500,34.669998,14726800
8/28/2017,946.02002,2596700,167.240005,8553700,34.650002,20712900
8/29/2017,954.059998,2874300,168.050003,11121000,34.73,15843700
8/30/2017,967.590027,2904600,169.919998,11138300,34.889999,18565000
8/31/2017,980.599976,3331500,171.970001,17226500,35.07,16366800
9/1/2017,978.25,2535900,172.020004,11677600,35.09,12822000
9/5/2017,965.27002,2883200,170.720001,13210900,35.02,18772000
9/6/2017,967.799988,2129900,172.089996,13906300,35.759998,28076400
9/7/2017,979.469971,2566800,173.210007,18049500,35.540001,16297100
9/8/2017,965.900024,2605300,170.949997,10998500,35.189999,14125000
9/11/2017,977.960022,2186700,173.509995,12372000,35.77,20037600
9/12/2017,982.580017,2481100,172.960007,11186300,36.09,19489900
9/13/2017,999.599976,3374700,173.050003,9119300,36.330002,15509800
9/14/2017,992.210022,3913300,170.960007,15615700,36.48,18093900
9/15/2017,986.789978,3760200,171.639999,15660500,37,33596100
9/18/2017,974.190002,3411300,170.009995,12954000,37,19393800
9/19/2017,969.859985,2671100,172.520004,13168600,37.23,23850500
9/20/2017,973.210022,2888800,172.169998,12264100,37.07,23957500
9/21/2017,964.650024,2337600,171.110001,11161400,37.200001,22954200
9/22/2017,955.099976,2641800,170.539993,12097100,37.18,21631800
9/25/2017,939.789978,5124000,162.869995,41251600,37.16,23180800
9/26/2017,938.599976,3564800,164.210007,23363300,37.470001,29790400
9/27/2017,950.869995,3148900,167.679993,19242500,37.540001,25981400
9/28/2017,956.400024,2522600,168.729996,12178700,37.830002,21171400
9/29/2017,961.349976,2543800,170.869995,15340400,38.080002,23217300
10/2/2017,959.190002,2442900,169.470001,13392300,39.040001,37394500
10/3/2017,957.099976,2666600,169.960007,8190300,39.380001,34002200
10/4/2017,965.450012,2527400,168.419998,12127900,39.34,28368800
10/5/2017,980.849976,3229200,171.240005,14580600,39.529999,17710300
10/6/2017,989.580017,3782100,172.229996,13124500,39.630001,18887500
10/9/2017,990.98999,2938600,172.500000,14570400,39.860001,18494100
10/10/2017,987.200012,3084900,171.589996,11341100,39.650002,29890000
10/11/2017,995,2337100,172.740005,11283700,39.299999,30754700
10/12/2017,1000.929993,4067300,172.550003,10351000,39.189999,18286900
10/13/2017,1002.940002,2431500,173.740005,13658300,39.669998,16829400
10/16/2017,1006.340027,2008900,174.520004,11498800,39.759998,12489100
10/17/2017,1009.130005,2319700,176.110001,15990100,39.790001,15532800
10/18/2017,997,2499700,176.029999,12752400,40.25,21424600
10/19/2017,986.609985,3108200,174.559998,14048400,40.09,19222700
10/20/2017,982.909973,2365100,174.979996,12602200,40.43,18335700
10/23/2017,966.299988,3494100,171.270004,13852700,40.830002,28647000
10/24/2017,975.900024,2723900,171.800003,12267900,40.950001,19652400
10/25/2017,972.909973,3033100,170.600006,15868200,40.779999,24031700
10/26/2017,972.429993,5618700,170.630005,11833100,41.349998,38247400
10/27/2017,1100.949951,16565000,177.880005,30285300,44.400002,90028300
10/30/2017,1110.849976,6613100,179.869995,24353200,44.369999,48161500
10/31/2017,1105.280029,3477000,180.059998,20174200,45.490002,47000900
11/1/2017,1103.680054,3755500,182.660004,40918300,46.709999,47813700
11/2/2017,1094.219971,3684900,178.919998,35529900,47.099998,44602300
11/3/2017,1111.599976,3751500,178.919998,17822100,46.34,39298100
11/6/2017,1120.660034,3381100,180.169998,13312700,46.700001,34035000
11/7/2017,1123.170044,2689000,180.250000,12928200,46.779999,24461400
11/8/2017,1132.880005,2581500,179.559998,10494100,46.700001,21565800
11/9/2017,1129.130005,3732700,179.300003,12610300,46.299999,25570400
11/10/2017,1125.349976,2179900,178.460007,11070200,45.580002,24095400
11/13/2017,1129.170044,2918400,178.770004,9523400,45.75,18999000
11/14/2017,1136.839966,3138400,178.070007,9585900,45.860001,22201200
11/15/2017,1126.689941,3928700,177.949997,10253700,45.459999,17157200
11/16/2017,1137.290039,2213300,179.589996,15607600,45.650002,26439400
11/17/2017,1129.880005,2413400,179.000000,13018000,44.630001,63798000
11/20/2017,1126.310059,2163900,178.740005,10052400,44.619999,22420000
11/21/2017,1139.48999,2479400,181.860001,14504000,44.939999,21871000
11/22/2017,1156.160034,3555300,180.869995,10376300,44.650002,19538300
11/24/2017,1186,3528000,182.779999,9426300,44.75,6465800
11/27/2017,1195.829956,6744000,183.029999,12344500,44.490002,18202100
11/28/2017,1193.599976,4559400,182.419998,14379700,44.73,20194100
11/29/2017,1161.27002,9257500,175.130005,41933500,43.950001,27036900
11/30/2017,1176.75,4509200,177.179993,25307600,44.84,34145300
12/1/2017,1162.349976,4107100,175.100006,20182500,44.68,26656300
12/4/2017,1133.949951,5931900,171.470001,24459400,44.490002,28000800
12/5/2017,1141.569946,4079800,172.830002,20184900,43.439999,30626900
12/6/2017,1152.349976,2853300,176.059998,20255800,43.450001,27710800
12/7/2017,1159.790039,2511600,180.139999,20404500,43.080002,32708400
12/8/2017,1162,3050100,179.000000,19883800,43.349998,23154700
12/11/2017,1168.920044,2363500,179.039993,13168600,43.66,20425900
12/12/2017,1165.079956,2235900,176.960007,16854100,43.330002,16557400
12/13/2017,1164.130005,2616800,178.300003,14615700,43.34,21399500
12/14/2017,1174.26001,3214300,178.389999,13591000,43.259998,19644900
12/15/2017,1179.140015,4778600,180.179993,28463100,44.560001,47477000
12/18/2017,1190.579956,2947600,180.820007,17265400,46.259998,50369300
12/19/2017,1187.380005,2587800,179.509995,14920600,47.040001,41421100
12/20/2017,1177.619995,2371200,177.889999,11860500,47.560001,40935000
12/21/2017,1174.76001,2123100,177.449997,11600700,46.759998,42963500
12/22/2017,1168.359985,1585100,177.199997,8509500,46.700001,33913500
12/26/2017,1176.76001,2005200,175.990005,8897300,46.080002,15533300
12/27/2017,1182.26001,1867200,177.619995,9496100,46.110001,13359700
12/28/2017,1186.099976,1841700,177.919998,12220800,46.220001,9504400
12/29/2017,1169.469971,2688400,176.460007,10261500,46.16,17394500
1/2/2018,1189.01001,2694500,181.419998,18151900,46.849998,23370800
1/3/2018,1204.199951,3108800,184.669998,16886600,45.259998,116479000
1/4/2018,1209.589966,3022100,184.330002,13880900,44.43,89209100
1/5/2018,1229.140015,3544700,186.850006,13574500,44.740002,41824000
1/8/2018,1246.869995,4279500,188.279999,17994700,44.740002,33733800
1/9/2018,1252.699951,3661300,187.869995,12393100,43.619999,44282300
1/10/2018,1254.329956,2686000,187.839996,10529900,42.5,45735000
1/11/2018,1276.680054,3125000,187.770004,9588600,43.41,35371500
1/12/2018,1305.199951,5443700,179.369995,77551300,43.240002,29973600
1/16/2018,1304.859985,7220700,178.389999,36183800,43.139999,38367200
1/17/2018,1295,5253800,177.600006,27992400,44.389999,32368600
1/18/2018,1293.319946,4026900,179.800003,23304900,44.48,26826500
1/19/2018,1294.579956,4578500,181.289993,26826500,44.82,25780200
1/22/2018,1327.310059,4140100,185.369995,21059500,45.75,27706800
1/23/2018,1362.540039,5169300,189.350006,25678800,46.060001,22135100
1/24/2018,1357.51001,6807500,186.550003,24334500,45.509998,32464200
1/25/2018,1377.949951,4753000,187.479996,17377700,45.299999,36758700
1/26/2018,1402.050049,4857300,190.000000,17759200,50.080002,86916100
1/29/2018,1417.680054,5701900,185.979996,20453200,49.98,46304000
1/30/2018,1437.819946,5871900,187.119995,20858600,48.790001,32814600
1/31/2018,1450.890015,6424700,186.889999,43275100,48.139999,41619900
2/1/2018,1390,9113800,193.089996,54211300,47.650002,28840400
2/2/2018,1429.949951,11125700,190.279999,26677500,46.150002,28663000
2/5/2018,1390,11495000,181.259995,33128200,44.52,47869000
2/6/2018,1442.839966,11066800,185.309998,37758500,44.91,58145400
2/7/2018,1416.780029,7162700,180.179993,27601900,45.200001,37508400
2/8/2018,1350.5,8578600,171.580002,38478300,42.75,43151300
2/9/2018,1339.599976,14141500,176.110001,39887600,43.950001,49301100
2/12/2018,1386.22998,6738900,176.410004,32092100,44.830002,28379500
2/13/2018,1414.51001,5917900,173.149994,21809400,44.459999,19517600
2/14/2018,1451.050049,5959200,179.520004,28929700,45.380001,19922000
2/15/2018,1461.76001,5652700,179.960007,20922100,45.919998,23536800
2/16/2018,1448.689941,4472600,177.360001,20645300,45.560001,21475200
2/20/2018,1468.349976,6499200,176.009995,21204900,46.32,25512000
2/21/2018,1482.920044,6304400,177.910004,23200800,45.939999,27527500
2/22/2018,1485.339966,4858100,178.990005,18464200,45.799999,16946400
2/23/2018,1500,4418100,183.289993,19007300,47.73,26040900
2/26/2018,1521.949951,4955000,184.929993,17599700,49.110001,26992300
2/27/2018,1511.97998,4808800,181.460007,15849800,49.91,43624100
2/28/2018,1512.449951,4515000,178.320007,18783000,49.290001,35541200
3/1/2018,1493.449951,6835200,175.940002,23201600,47.84,36326600
3/2/2018,1500.25,6587600,176.619995,20025900,48.98,33310600
3/5/2018,1523.609985,5233900,180.399994,16189300,49.75,30826500
3/6/2018,1537.640015,4561700,179.779999,15086800,50.709999,39132300
3/7/2018,1545,4174100,183.710007,19097300,51.32,31801900
3/8/2018,1551.859985,3862600,182.339996,17225900,50.740002,29481200
3/9/2018,1578.890015,4534300,185.229996,18526300,52.189999,32727900
3/12/2018,1598.390015,5174200,184.759995,15301200,51.52,32044400
3/13/2018,1588.180054,6531900,181.880005,18067500,51.779999,45573900
3/14/2018,1591,4259400,184.190002,16821700,51.860001,24993500
3/15/2018,1582.319946,4069700,183.860001,15614300,50.880001,25631200
3/16/2018,1571.680054,5425000,185.089996,24403400,51.169998,42559800
3/19/2018,1544.930054,6580800,172.559998,88140100,50.830002,31115200
3/20/2018,1586.51001,4581600,168.149994,129851800,51.549999,22215000
3/21/2018,1581.859985,4750800,169.389999,106598800,51.560001,23239500
3/22/2018,1544.920044,6320600,164.889999,73743000,50.830002,30916000
3/23/2018,1495.560059,8006000,159.389999,53609700,49.360001,37683900
3/26/2018,1555.859985,5624700,160.059998,126116600,52.48,39306200
3/27/2018,1497.050049,6999600,152.220001,79117000,51.189999,38777000
3/28/2018,1431.420044,13705300,153.029999,60029200,49.599998,37970900
3/29/2018,1447.339966,12581100,159.789993,59434300,52.080002,45265800
4/2/2018,1371.98999,10463600,155.389999,36796000,48.919998,67187800
4/3/2018,1392.050049,10231200,156.110001,42543900,49.75,39432400
4/4/2018,1410.569946,6982300,155.100006,49885600,49.990002,30370000
4/5/2018,1451.75,6413500,159.339996,41449600,50.380001,25115400
4/6/2018,1405.22998,5882300,157.199997,41644800,48.790001,28215200
4/9/2018,1406.079956,4208200,157.929993,34915200,49.549999,31437000
4/10/2018,1436.219971,4254100,165.039993,57889300,51.27,25906400
4/11/2018,1427.050049,3582500,166.320007,56144600,51.099998,17568400
4/12/2018,1448.5,3135000,163.869995,38263000,52.720001,29781400
4/13/2018,1430.790039,3685300,164.520004,19990600,51.860001,20884900
4/16/2018,1441.5,2808600,164.830002,18119400,52.400002,18855500
4/17/2018,1503.829956,5114400,168.660004,22743000,53.540001,21228700
4/18/2018,1527.839966,5227500,166.360001,20969600,53.610001,22164700
4/19/2018,1556.910034,6523700,168.100006,22235000,52.220001,25422400
4/20/2018,1527.48999,5541600,166.279999,19119400,51.529999,26910100
4/23/2018,1517.859985,4465400,165.839996,23088100,51.099998,21706700
4/24/2018,1460.089966,7494700,159.690002,35079900,51.450001,42494700
4/25/2018,1460.170044,6587300,159.690002,41083600,51.380001,25752800
4/26/2018,1517.959961,8801100,174.160004,77556900,53.049999,39575000
4/27/2018,1572.619995,13053200,173.589996,29804700,52.73,69888100
4/30/2018,1566.130005,5464100,172.000000,20750500,51.619999,36417400
5/1/2018,1582.26001,4572100,173.860001,26025900,53.330002,27600800
5/2/2018,1569.680054,4360300,176.070007,30424500,52.310001,25778300
5/3/2018,1572.079956,4251900,174.020004,24026100,52.279999,28561000
5/4/2018,1580.949951,3443600,176.610001,17677800,52.779999,25642500
5/7/2018,1600.140015,3801900,177.970001,18697200,53.330002,20285700
5/8/2018,1592.390015,3067900,178.919998,15577200,53.630001,21026800
5/9/2018,1608,3637300,182.660004,23282800,54.34,19827500
5/10/2018,1609.079956,2817500,185.529999,21071400,54.98,18715900
5/11/2018,1602.910034,2263900,186.990005,21207800,54.669998,15405000
5/14/2018,1601.540039,2509500,186.639999,15646700,54.900002,21878200
5/15/2018,1576.119995,5077500,184.320007,15429400,53.919998,21712600
5/16/2018,1587.280029,2570600,183.199997,16975500,54.639999,16260500
5/17/2018,1581.76001,2147600,183.759995,14840700,54.810001,16872600
5/18/2018,1574.369995,2642600,182.679993,13130500,53.5,23679900
5/21/2018,1585.459961,2925200,184.490005,13532900,54.32,25367400
5/22/2018,1581.400024,2115600,183.800003,12731400,54.450001,19009600
5/23/2018,1601.859985,3361900,186.899994,16628100,55.209999,20555400
5/24/2018,1603.069946,3430000,185.929993,12354700,54.75,19667100
5/25/2018,1610.150024,2698400,184.919998,10965100,55.439999,18550000
5/29/2018,1612.869995,3846500,185.740005,16398900,55.32,24253500
5/30/2018,1624.890015,2907400,187.669998,13736900,55.68,24711500
5/31/2018,1629.619995,3166300,191.779999,30782600,55.200001,30962100
6/1/2018,1641.540039,3313400,193.990005,17307200,57.080002,31183200
6/4/2018,1665.27002,3187700,193.279999,18939800,56.830002,22538100
6/5/2018,1696.349976,4782200,192.940002,15544300,56.529999,21687000
6/6/2018,1695.75,5473200,191.339996,22558900,57.029999,22955400
6/7/2018,1689.300049,3765700,188.179993,21503200,55.880001,27596100
6/8/2018,1683.98999,2955100,189.100006,12677100,55.049999,30822900
6/11/2018,1689.119995,2335500,191.539993,12928900,54.52,25752400
6/12/2018,1698.75,2259200,192.399994,11562700,54.82,23294900
6/13/2018,1704.859985,3327500,192.410004,15853800,55.029999,22631400
6/14/2018,1723.859985,3174400,196.809998,19120900,55.540001,23419800
6/15/2018,1715.969971,4777600,195.850006,21860900,55.110001,39194700
6/18/2018,1723.790039,3107700,198.309998,16826000,53.220001,40764400
6/19/2018,1734.780029,4290100,197.490005,19994000,52.93,31780900
6/20/2018,1750.079956,4332600,202.000000,28230900,53.459999,21403000
6/21/2018,1730.219971,4941100,201.500000,19045700,52.189999,44435600
6/22/2018,1715.670044,4075100,201.740005,17420200,52.5,34682100
6/25/2018,1663.150024,7511200,196.350006,25275100,50.709999,45356500
6/26/2018,1691.089966,4386600,199.000000,17897600,49.669998,37543000
6/27/2018,1660.51001,4872200,195.839996,18734400,48.759998,33338800
6/28/2018,1701.449951,4529700,196.229996,18172400,49.25,29055700
6/29/2018,1699.800049,4543500,194.320007,15811600,49.709999,28906500
7/2/2018,1713.780029,3185700,197.360001,13961600,50.200001,23755500
7/3/2018,1693.959961,2177300,192.729996,13489500,49.470001,16327900
7/5/2018,1699.72998,2983100,198.449997,19684200,50.75,26163500
7/6/2018,1710.630005,2650300,203.229996,19740100,51.369999,19968000
7/9/2018,1739.02002,3012000,204.740005,18149400,51.860001,21361600
7/10/2018,1743.069946,3002900,203.539993,13190100,52.16,17362900
7/11/2018,1755,3209800,202.539993,12927400,51.200001,18665600
7/12/2018,1796.619995,4532700,206.919998,15454700,52.349998,20292700
7/13/2018,1813.030029,4383200,207.320007,11486800,52.220001,13749300
7/16/2018,1822.48999,5466200,207.229996,11078200,52.009998,15951500
7/17/2018,1843.930054,5682900,209.990005,15349900,51.75,15754500
7/18/2018,1842.920044,4861900,209.360001,15334900,51.720001,14649000
7/19/2018,1812.969971,4676900,208.089996,11350400,51.98,15954600
7/20/2018,1813.699951,3884400,209.940002,16163900,51.91,17380500
7/23/2018,1802,3888500,210.910004,16732000,52.310001,15945500
7/24/2018,1829.23999,4278700,214.669998,28468700,52.18,17788700
7/25/2018,1863.609985,3738200,217.500000,58954200,52.43,19854800
7/26/2018,1808,9924400,176.259995,169803700,52.16,28282500
7/27/2018,1817.27002,9681000,174.889999,60073700,47.68,67816700
7/30/2018,1779.219971,6562300,171.059998,65280800,47.689999,35696600
7/31/2018,1777.439941,5738700,172.580002,40356500,48.099998,36581200
8/1/2018,1797.170044,4153100,171.649994,34042100,48.810001,28060700
8/2/2018,1834.329956,4354700,176.369995,32400000,49.48,26452500
8/3/2018,1823.290039,3460500,177.779999,24763400,49.630001,22008200
8/6/2018,1847.75,3391800,185.690002,49716200,49.299999,26669000
8/7/2018,1862.47998,3377500,183.809998,33398600,49.700001,28322700
8/8/2018,1886.52002,3963000,185.179993,22205200,49.959999,21990600
8/9/2018,1898.52002,4860400,183.089996,19732100,50.139999,23795600
8/10/2018,1886.300049,3639900,180.259995,21500400,48.849998,28712400
8/13/2018,1896.199951,5531500,180.050003,17423300,48.450001,17070600
8/14/2018,1919.650024,3986100,181.110001,19102000,48.119999,23061600
8/15/2018,1882.619995,7700700,179.529999,33020200,47.459999,26739900
8/16/2018,1886.52002,3957100,174.699997,31351800,47.169998,24358000
8/17/2018,1882.219971,4104300,173.800003,24893200,47.099998,26382000
8/20/2018,1876.709961,2862000,172.500000,21518000,46.5,24334000
8/21/2018,1883.420044,3105600,172.619995,19578500,47.619999,19254300
8/22/2018,1904.900024,3080500,173.639999,16894100,47.049999,23182500
8/23/2018,1902.900024,3563000,172.899994,18053600,46.98,31343200
8/24/2018,1905.390015,2800900,174.649994,14631600,47.66,18214700
8/27/2018,1927.680054,3569000,177.460007,17921900,48.349998,17170300
8/28/2018,1932.819946,3100700,176.259995,15910700,48.57,13472400
8/29/2018,1998.099976,6531800,175.899994,18494100,48.75,13479100
8/30/2018,2002.380005,7277300,177.639999,24216500,48.240002,16418800
8/31/2018,2012.709961,4204400,175.729996,18065200,48.43,16484000
9/4/2018,2039.51001,5721100,171.160004,29809000,47.959999,15682900
9/5/2018,1994.819946,8220600,167.179993,31226700,47.720001,20857200
9/6/2018,1958.310059,7488700,162.529999,41514800,47.259998,19318100
9/7/2018,1952.069946,4892600,163.039993,24300600,46.450001,25958300
9/10/2018,1939.01001,4544800,164.179993,20197700,46.299999,21522400
9/11/2018,1987.150024,5033600,165.940002,20457100,44.93,32455300
9/12/2018,1990,4414000,162.000000,24078100,44.93,29778700
9/13/2018,1989.869995,3621500,161.360001,25453800,45.57,18657100
9/14/2018,1970.189941,3642000,162.320007,21770400,45.540001,22998700
9/17/2018,1908.030029,7050200,160.580002,21005300,45.419998,17603200
9/18/2018,1941.050049,4268700,160.300003,22465200,46.099998,20528100
9/19/2018,1926.420044,4056800,163.059998,19629000,46.150002,15918900
9/20/2018,1944.300049,3154900,166.020004,18936000,47.200001,21999300
9/21/2018,1915.01001,6855900,162.929993,45994800,46.66,52650600
9/24/2018,1934.359985,4213700,165.410004,19222800,46.91,17847000
9/25/2018,1974.550049,4538400,164.910004,27622800,45.91,23389900
9/26/2018,1974.849976,4313500,166.949997,25252200,45.700001,23957700
9/27/2018,2012.97998,4329400,168.839996,27266900,45.880001,15415500
9/28/2018,2003,4085100,164.460007,34265600,47.290001,46223500
10/1/2018,2004.359985,3460500,162.440002,26407700,46.450001,23796200
10/2/2018,1971.310059,5400700,159.330002,36031000,48.099998,42121100
10/3/2018,1952.76001,5253100,162.429993,23109500,48.759998,39211900
10/4/2018,1909.420044,7257000,158.850006,25739600,48.130001,30108300
10/5/2018,1889.650024,6822300,157.330002,25744000,47.029999,28901400
10/8/2018,1864.420044,7393200,157.250000,24046000,47.029999,19376800
10/9/2018,1870.319946,4772900,157.899994,18844400,46.549999,23285700
10/10/2018,1755.25,10988900,151.380005,30610000,44.799999,43109500
10/11/2018,1719.359985,13935900,153.350006,35338900,44.23,43648800
10/12/2018,1788.609985,9444600,153.740005,25293500,44.880001,32087400
10/15/2018,1760.949951,6437200,153.520004,15433500,44.529999,21633000
10/16/2018,1819.959961,5859900,158.779999,19180100,45.939999,21472000
10/17/2018,1831.72998,5295200,159.419998,17592000,45.889999,23124400
10/18/2018,1770.719971,5874000,154.919998,21675100,44.970001,26638800
10/19/2018,1764.030029,5907200,154.050003,19761300,44,28368500
10/22/2018,1789.300049,4500000,154.779999,15424700,45.009998,34508800
10/23/2018,1768.699951,6723900,154.389999,19095000,44.5,38590300
10/24/2018,1664.199951,6928400,146.039993,27744600,42.419998,33631800
10/25/2018,1782.170044,10285700,150.949997,22105700,44.310001,48255300
10/26/2018,1642.810059,14963800,145.369995,31303300,45.689999,67280400
10/29/2018,1538.880005,13866100,142.089996,31336800,45.400002,35732200
10/30/2018,1530.420044,12460100,146.220001,50528300,47.759998,43975200
10/31/2018,1598.01001,9390200,151.789993,60101300,46.880001,33369100
11/1/2018,1665.530029,8135500,151.750000,25640800,48.220001,28335300
11/2/2018,1665.530029,6955500,150.350006,24708700,47.110001,30759800
11/5/2018,1627.800049,5624700,148.679993,15971200,47.970001,23751200
11/6/2018,1642.810059,4257400,149.940002,16667100,47.25,23839600
11/7/2018,1755.48999,8192200,151.529999,21877400,48.720001,29913200
11/8/2018,1754.910034,6534900,147.869995,24145800,48.990002,26581700
11/9/2018,1712.430054,5902200,144.960007,17326900,48.110001,21761400
11/12/2018,1636.849976,6806200,141.550003,18542100,46.650002,24412800
11/13/2018,1631.170044,5933300,142.160004,15141700,47.389999,29315900
11/14/2018,1599.01001,6486900,144.220001,22068400,47.09,25632700
11/15/2018,1619.439941,8427300,143.850006,30320300,48.110001,29581000
11/16/2018,1593.410034,6066100,139.529999,37250600,48.830002,31670600
11/19/2018,1512.290039,7790000,131.550003,44362700,48,26859000
11/20/2018,1495.459961,10878800,132.429993,41939500,47.389999,29200800
11/21/2018,1516.72998,5716800,134.820007,25469700,47.029999,19011400
11/23/2018,1502.060059,2707600,131.729996,11886100,46.540001,8906900
11/26/2018,1581.329956,6257700,136.380005,24263600,47.450001,20723000
11/27/2018,1581.420044,5783200,135.000000,20750300,48.07,27621000
11/28/2018,1677.75,8458700,136.759995,29847500,48.860001,28003200
11/29/2018,1673.569946,6613200,138.679993,24238700,47.700001,23592500
11/30/2018,1690.170044,5761800,140.610001,25732600,49.310001,43313700
12/3/2018,1772.359985,6862300,141.089996,24819200,50.130001,30870400
12/4/2018,1668.400024,8694500,137.929993,30307400,47.75,35397700
12/6/2018,1699.189941,8789400,139.630005,28218100,48.369999,31661700
12/7/2018,1629.130005,7576100,137.419998,21195500,46.240002,34016400
12/10/2018,1641.030029,7494800,141.850006,26422200,47.209999,23289000
12/11/2018,1643.23999,6244700,142.080002,20300300,47.380001,23851000
12/12/2018,1663.540039,6598000,144.500000,23696900,47.830002,31305000
12/13/2018,1658.380005,5271300,145.009995,18148600,48.290001,19526000
12/14/2018,1591.910034,6367200,144.059998,21785800,47.860001,26372100
12/17/2018,1520.910034,8829800,140.190002,24334000,47.080002,26598700
12/18/2018,1551.47998,6523000,143.660004,24709100,47.740002,29014300
12/19/2018,1495.079956,8792200,133.240005,57404900,45.57,39717600
12/20/2018,1460.829956,9991800,133.399994,40297900,45.540001,37750900
12/21/2018,1377.449951,13640300,124.949997,56901500,44.84,52768300
12/24/2018,1343.959961,7220000,124.059998,22066000,43.59,19241600
12/26/2018,1470.900024,10411800,134.179993,39723400,46.189999,28677600
12/27/2018,1461.640015,9722000,134.520004,31202500,46.360001,29970700
12/28/2018,1478.02002,8829000,133.199997,22627600,46.75,24758700
12/31/2018,1501.969971,6954500,131.089996,24625300,46.93,20490400
1/2/2019,1539.130005,7983100,135.679993,28146200,47.080002,18774600
1/3/2019,1500.280029,6975600,131.740005,22717900,44.490002,32267300
1/4/2019,1575.390015,9182600,137.949997,29002100,47.220001,35447300
1/7/2019,1629.51001,7993200,138.050003,20089300,47.439999,22736800
1/8/2019,1656.579956,8881400,142.529999,26263800,47.740002,22749200
1/9/2019,1659.420044,6348800,144.229996,22205900,48.009998,22554500
1/10/2019,1656.219971,6507700,144.199997,16125000,48.560001,27202600
1/11/2019,1640.560059,4686200,143.800003,12908000,48.93,21751300
1/14/2019,1617.209961,6005900,145.389999,20520300,48.349998,19193900
1/15/2019,1674.560059,5998500,148.949997,24069000,48.599998,22480800
1/16/2019,1683.780029,6366900,147.539993,18025700,48.130001,19057700
1/17/2019,1693.219971,4208900,148.300003,15787900,48.470001,17448700
1/18/2019,1696.199951,6020500,150.039993,31029600,49.189999,29874600
1/22/2019,1632.170044,6416800,147.570007,22378700,48.27,25940700
1/23/2019,1640.02002,5225200,144.300003,20098400,47.939999,18960700
1/24/2019,1654.930054,4089900,145.830002,20955500,49.759998,50578300
1/25/2019,1670.569946,4945900,149.009995,22237200,47.040001,86455700
1/28/2019,1637.890015,4837700,147.470001,15508500,46.709999,35928700
1/29/2019,1593.880005,4632800,144.190002,17632100,46.540001,20988300
1/30/2019,1670.430054,5783800,150.419998,44613200,47.540001,26931700
1/31/2019,1718.72998,10910300,166.690002,77233600,47.119999,43051300
2/1/2019,1626.22998,11506200,165.710007,30806500,48.73,37442900
2/4/2019,1633.310059,4929100,169.250000,20036000,49.220001,20905000
2/5/2019,1658.810059,4453100,171.160004,22557000,50.009998,31641600
2/6/2019,1640.26001,3939900,170.490005,13281200,49.900002,21647800
2/7/2019,1614.369995,4626600,166.380005,17517600,49.23,27825900
2/8/2019,1588.219971,5657500,167.330002,12561400,48.84,18851200
2/11/2019,1591,3317300,165.789993,12811200,48.77,18004100
2/12/2019,1638.01001,4858600,165.039993,16292300,50.009998,18050100
2/13/2019,1640,3560300,164.070007,14205100,50.470001,17712800
2/14/2019,1622.650024,4120500,163.949997,12755200,50.810001,17545400
2/15/2019,1607.949951,4343900,162.500000,15504400,51.66,22520400
2/19/2019,1627.579956,3681700,162.289993,14345400,51.400002,15611800
2/20/2019,1622.099976,3337600,162.559998,11770700,51.389999,21607700
2/21/2019,1619.439941,3483400,160.039993,15607800,51.41,16162100
2/22/2019,1631.560059,3096200,161.889999,15858500,52.490002,31934100
2/25/2019,1633,3184500,164.619995,18737100,53.099998,20711800
2/26/2019,1636.400024,2665800,164.130005,13784100,53.23,16082200
2/27/2019,1641.089966,3148800,162.809998,12697500,53.240002,17590300
2/28/2019,1639.829956,3025900,161.449997,11114200,52.959999,18388800
3/1/2019,1671.72998,4974900,162.279999,11097800,53.299999,18359300
3/4/2019,1696.170044,6167400,167.369995,18894700,53.939999,21706100
3/5/2019,1692.430054,3681500,171.259995,28187900,53.68,21057700
3/6/2019,1668.949951,3996000,172.509995,21531700,52.950001,14740500
3/7/2019,1625.949951,4957000,169.130005,18306500,52.599998,17803000
3/8/2019,1620.800049,4667000,169.600006,13184800,52.48,16793900
3/11/2019,1670.619995,3876400,172.070007,18884000,53.349998,18963000
3/12/2019,1673.099976,3614500,171.919998,12155300,53.57,20782100
3/13/2019,1690.810059,3552000,173.369995,11973300,54.369999,25522300
3/14/2019,1686.219971,2946600,170.169998,18037400,53.439999,26647100
3/15/2019,1712.359985,7550900,165.979996,37135400,54.330002,46512500
3/18/2019,1742.150024,5429100,160.470001,37524200,54.099998,16274000
3/19/2019,1761.849976,6364200,161.570007,25611500,54.169998,18274800
3/20/2019,1797.27002,6265600,165.440002,20211500,53.82,24325300
3/21/2019,1819.26001,5767800,166.080002,16223000,54.639999,19127200
3/22/2019,1764.77002,6363000,164.339996,16389200,53.259998,21438400
3/25/2019,1774.26001,5103800,166.289993,12631200,52.779999,16971400
3/26/2019,1783.76001,4865900,167.679993,15437900,53.439999,17724300
3/27/2019,1765.699951,4324800,165.869995,10620300,53.16,19656000
3/28/2019,1773.420044,3043000,165.550003,10689200,53.110001,13607900
3/29/2019,1780.75,3320800,166.690002,13455500,53.700001,18736100
4/1/2019,1814.189941,4238800,168.699997,10381500,54.509998,17830400
4/2/2019,1813.97998,3448100,174.199997,23946500,54.360001,13704500
4/3/2019,1820.699951,3980600,173.539993,27590100,55.48,24552800
4/4/2019,1818.859985,3623900,176.020004,17847700,55.919998,16520500
4/5/2019,1837.280029,3640500,175.720001,9594100,55.599998,19268400
4/8/2019,1849.859985,3752800,174.929993,7297400,55.68,11758800
4/9/2019,1835.839966,3714400,177.580002,19751000,55.32,13339700
4/10/2019,1847.329956,2964000,177.820007,11701500,55.75,13084000
4/11/2019,1844.069946,2654800,177.509995,8071000,55.799999,10845800
4/12/2019,1843.060059,3114400,179.100006,12329800,56.419998,12910200
4/15/2019,1844.869995,3724400,179.649994,10834800,56.279999,11676900
4/16/2019,1863.040039,3044600,178.869995,11215200,56.709999,30301900
4/17/2019,1864.819946,2893500,178.779999,9973700,58.560001,38788400
4/18/2019,1861.689941,2749900,178.279999,11655600,58.490002,20464200
4/22/2019,1887.310059,3373800,181.440002,13389900,58.82,12327500
4/23/2019,1923.77002,4640400,183.779999,19954800,58.779999,17739900
4/24/2019,1901.75,3675800,182.580002,37289900,58.720001,17723700
4/25/2019,1902.25,6099100,193.259995,54148800,57.610001,27949900
4/26/2019,1950.630005,8432600,191.490005,22075000,52.43,72364500
4/29/2019,1938.430054,4021300,194.779999,19641300,51.110001,42142300
4/30/2019,1926.52002,3506000,193.399994,23494700,51.040001,27130900
5/1/2019,1911.52002,3117000,193.029999,15996600,50.759998,20467600
5/2/2019,1900.819946,3962900,192.529999,13209500,50.549999,22655400
5/3/2019,1962.459961,6381600,195.470001,14575400,51.75,25656600
5/6/2019,1950.550049,5417800,193.880005,13994900,51.220001,26245200
5/7/2019,1921,5902100,189.770004,16253000,50.48,29713400
5/8/2019,1917.77002,4078600,189.539993,12505700,49.240002,36812400
5/9/2019,1899.869995,5308300,188.649994,12967000,46.619999,59642200
5/10/2019,1889.97998,5718000,188.339996,12578500,46.200001,42522800
5/13/2019,1822.680054,5783400,181.539993,16833300,44.759998,39091900
5/14/2019,1840.119995,4629100,180.729996,17628100,45.169998,24706500
5/15/2019,1871.150024,4692600,186.270004,16746900,45.619999,23407900
5/16/2019,1907.569946,4707800,186.990005,12953100,45.529999,19954700
5/17/2019,1869,4736600,185.300003,10485400,44.889999,22500400
5/20/2019,1858.969971,3798200,182.720001,10352000,43.560001,28675000
5/21/2019,1857.52002,4005100,184.820007,7502800,44.459999,25543400
5/22/2019,1859.680054,2936600,185.320007,9213800,44,16932500
5/23/2019,1815.47998,4424300,180.869995,12768800,44.529999,35783900
5/24/2019,1823.280029,3369700,181.059998,8807700,44.57,27168100
5/28/2019,1836.430054,3200000,184.309998,14843300,43.57,34779900
5/29/2019,1819.189941,4279000,182.190002,12797700,44.23,28450300
5/30/2019,1816.319946,3146900,183.009995,8581500,44.73,21618900
5/31/2019,1775.069946,4618800,177.470001,15226500,44.040001,25532500
6/3/2019,1692.689941,9098700,164.149994,56059600,43.459999,31155700
6/4/2019,1729.560059,5679100,167.500000,46044300,44.790001,28094900
6/5/2019,1738.5,4239800,168.169998,19758300,44.549999,20802000
6/6/2019,1754.359985,3689300,168.330002,12446400,45.099998,19076200
6/7/2019,1804.030029,4808200,173.350006,16917300,46.029999,24370300
6/10/2019,1860.630005,5371000,174.820007,14767900,46.799999,20806100
6/11/2019,1863.699951,4042700,178.100006,15266600,46.849998,18415500
6/12/2019,1855.319946,2674500,175.039993,17681500,46.32,15899100
6/13/2019,1870.300049,2795800,177.470001,12253600,46.700001,12267600
6/14/2019,1869.670044,2851200,181.330002,16773700,46.189999,15381100
6/17/2019,1886.030029,2634300,189.009995,29459900,46.130001,12643300
6/18/2019,1901.369995,3895700,188.470001,37571400,47.369999,25732300
6/19/2019,1908.790039,2895300,187.479996,21417100,47.07,17436400
6/20/2019,1918.189941,3217200,189.529999,14635700,47.189999,20126800
6/21/2019,1911.300049,3933600,191.139999,22751200,47.459999,31096300
6/24/2019,1913.900024,2283000,192.600006,15509000,47.630001,14479900
6/25/2019,1878.27002,3012300,188.839996,16750300,46.849998,16665600
6/26/2019,1897.829956,2441900,187.660004,12808600,48.189999,21886300
6/27/2019,1904.280029,2141700,189.500000,11159000,47.459999,23062900
6/28/2019,1893.630005,3037400,193.000000,16378900,47.869999,26646200
7/1/2019,1922.189941,3203300,193.000000,14204700,48.049999,27505400
7/2/2019,1934.310059,2645900,195.000000,9050000,48.119999,15381600
7/3/2019,1939,1690300,197.199997,10246100,48.52,10739100
7/5/2019,1942.910034,2628400,196.399994,11164100,48.080002,14339200
7/8/2019,1952.319946,2883400,195.759995,9723900,47.82,16564300
7/9/2019,1988.300049,4345700,199.210007,14698600,47.75,17853200
7/10/2019,2017.410034,4931900,202.729996,20571700,48.209999,16032300
7/11/2019,2001.069946,4317800,201.229996,13678500,48.599998,16615100
7/12/2019,2011,2509300,204.869995,15366300,49.919998,20148700
7/15/2019,2020.98999,2981300,203.910004,16030300,50.119999,14345100
7/16/2019,2009.900024,2618200,203.839996,12132700,49.169998,17131400
7/17/2019,1992.030029,2558800,201.800003,12083700,49.389999,11928600
7/18/2019,1977.900024,3504300,200.779999,11956600,49.939999,15679600
7/19/2019,1964.52002,3185600,198.360001,12098300,50.27,29141100
7/22/2019,1985.630005,2900000,202.320007,13589000,51.349998,21688000
7/23/2019,1994.48999,2703500,202.360001,14583700,51.75,18413500
7/24/2019,2000.810059,2631300,204.660004,32532500,52.919998,20896400
7/25/2019,1973.819946,4136500,200.710007,39889900,52.16,27765400
7/26/2019,1943.050049,4927100,199.750000,24434000,51.59,36401500
7/29/2019,1912.449951,4493200,195.940002,16530800,52.509998,21897500
7/30/2019,1898.530029,2910900,197.039993,11903600,51.700001,16487700
7/31/2019,1866.780029,4470700,194.229996,14593500,50.549999,24169800
8/1/2019,1855.319946,4713300,192.729996,17777000,49.5,34020800
8/2/2019,1823.23999,4956200,189.020004,15297000,48.68,27881600
8/5/2019,1765.130005,6058200,181.729996,23086700,46.970001,38936600
8/6/2019,1787.829956,5070300,184.509995,18035700,46.959999,26119600
8/7/2019,1793.400024,4526900,185.149994,15833200,46.73,29440400
8/8/2019,1832.890015,3701200,190.160004,14828900,47.169998,30643700
8/9/2019,1807.579956,2879800,187.850006,11058800,45.98,24975500
8/12/2019,1784.920044,2905500,185.369995,10936300,45.599998,18490300
8/13/2019,1824.339966,3994000,188.449997,13577000,46.84,28959500
8/14/2019,1762.959961,4893600,179.710007,18903700,45.869999,25650200
8/15/2019,1776.119995,3759100,182.589996,12925900,45.700001,21896000
8/16/2019,1792.569946,3018000,183.699997,12654600,46.5,22701800
8/19/2019,1816.119995,2816300,186.169998,9691200,47.23,21403600
8/20/2019,1801.380005,1929500,183.809998,10083400,46.599998,23113300
8/21/2019,1823.540039,2031800,183.550003,8398200,47.150002,15915000
8/22/2019,1804.660034,2653500,182.039993,10821400,46.779999,19783000
8/23/2019,1749.619995,5270800,177.750000,17323400,44.959999,32814000
8/26/2019,1768.869995,3080000,180.360001,8773600,45.560001,22080500
8/27/2019,1761.829956,3019700,181.300003,14399600,45.790001,16925500
8/28/2019,1764.25,2419700,181.759995,9386100,45.790001,14888800
8/29/2019,1786.400024,3015100,185.570007,10128700,46.869999,17803800
8/30/2019,1776.290039,3058700,185.669998,10774500,47.41,16922600
9/3/2019,1789.839966,3543000,182.389999,9779400,46.98,15003800
9/4/2019,1800.619995,2324100,187.139999,11308000,48.919998,23450700
9/5/2019,1840.719971,3310800,190.899994,13876700,50.099998,30014200
9/6/2019,1833.51001,2496900,187.490005,15226800,50.919998,17067900
9/9/2019,1831.349976,2999500,188.759995,14689300,51.59,20746600
9/10/2019,1820.550049,2613900,186.169998,15455900,51.82,18532000
9/11/2019,1822.98999,2432800,188.490005,11761700,52.790001,18968900
9/12/2019,1843.550049,2823500,187.470001,11419800,53.009998,23308700
9/13/2019,1839.339966,1971300,187.190002,11441100,52.540001,18010800
9/16/2019,1807.839966,3675500,186.220001,8444800,52.200001,13354600
9/17/2019,1822.550049,1982400,188.080002,9671100,51.950001,19641100
9/18/2019,1817.459961,2505600,188.139999,9681900,51.740002,14906800
9/19/2019,1821.5,2031500,190.139999,10392700,51.57,11428400
9/20/2019,1794.160034,5341900,189.929993,19934200,50.720001,37067900
9/23/2019,1785.300049,2922300,186.820007,13327600,50.900002,18916600
9/24/2019,1741.609985,4616000,181.279999,18546600,49.82,28197400
9/25/2019,1768.329956,3493200,182.800003,18068300,51.02,19486700
9/26/2019,1739.839966,3536800,180.110001,16083300,50.919998,11351800
9/27/2019,1725.449951,3907200,177.100006,14656200,50.779999,14845700
9/30/2019,1735.910034,2644700,178.080002,10740000,51.529999,13652100
10/1/2019,1735.650024,3084500,175.809998,17073000,50.759998,18413100
10/2/2019,1713.22998,3301100,174.600006,16151700,49.389999,20078700
10/3/2019,1724.420044,3468200,179.380005,16086300,50.029999,16320100
10/4/2019,1739.650024,2471900,180.449997,10430200,50.919998,12644900
10/7/2019,1732.660034,2154700,179.679993,9178300,50.619999,12081400
10/8/2019,1705.51001,2542000,177.750000,9466900,49.73,17409100
10/9/2019,1721.98999,2043500,179.850006,7556900,50.48,11834900
10/10/2019,1720.26001,2575200,180.029999,8605000,51.110001,13907900
10/11/2019,1731.920044,3255000,184.190002,14930500,52.09,24072500
10/14/2019,1736.430054,1910200,183.279999,7006000,51.639999,15016800
10/15/2019,1767.380005,3111700,188.889999,15039100,52.650002,18878100
10/16/2019,1777.430054,2763400,189.550003,10516900,52.450001,14769300
10/17/2019,1787.47998,2647400,190.389999,9603000,51.860001,16533900
10/18/2019,1757.51001,3362500,185.850006,16874200,51.360001,16974100
10/21/2019,1785.660034,2130400,189.759995,8122600,52.130001,12189000
10/22/2019,1765.72998,2111700,182.339996,19537600,52.009998,13114300
10/23/2019,1762.170044,2138200,186.149994,12300400,51.720001,15887500
10/24/2019,1780.780029,4446100,186.380005,11413500,52.23,23413000
10/25/2019,1761.329956,9626400,187.889999,8061200,56.459999,59767700
10/28/2019,1777.079956,3708900,189.399994,13657900,56.759998,32307500
10/29/2019,1762.709961,2276900,189.309998,13574900,56.34,18155800
10/30/2019,1779.98999,2449400,188.250000,28734600,56.599998,15248000
10/31/2019,1776.660034,2781200,191.649994,42286500,56.529999,19249700
11/1/2019,1791.439941,2790400,193.619995,21711800,56.509998,17953500
11/4/2019,1804.660034,2771900,194.720001,16371300,57.610001,19068000
11/5/2019,1801.709961,1885500,194.320007,9942000,57.549999,20865400
11/6/2019,1795.77002,2029800,191.550003,10973000,57.599998,17721000
11/7/2019,1788.199951,2651100,190.419998,13473000,58.049999,16962800
11/8/2019,1785.880005,2123300,190.839996,10760800,58.27,11888900
11/11/2019,1771.650024,1946000,189.610001,8631200,58.349998,11228900
11/12/2019,1778,2037600,194.470001,17615500,58.200001,11952500
11/13/2019,1753.109985,2989500,193.190002,10860700,57.889999,15332700
11/14/2019,1754.599976,2264800,193.149994,9040500,57.810001,12119000
11/15/2019,1739.48999,3927600,195.100006,11524300,57.959999,16112100
11/18/2019,1752.530029,2839500,197.399994,16167200,58.25,16097500
11/19/2019,1752.790039,2270800,199.320007,19056800,58.349998,17061900
11/20/2019,1745.530029,2790000,197.509995,12355400,57.900002,18542300
11/21/2019,1734.709961,2662900,197.929993,12131000,58.220001,16139000
11/22/2019,1745.719971,2479100,198.820007,9959800,57.610001,15690200
11/25/2019,1773.839966,3486200,199.789993,15272300,58.810001,15011700
11/26/2019,1796.939941,3181200,198.970001,11735500,58.900002,22338700
11/27/2019,1818.51001,3025600,202.000000,12736600,58.509998,18184200
11/29/2019,1800.800049,1923400,201.639999,7985200,58.049999,9481100
12/2/2019,1781.599976,3925600,199.699997,11503400,57.66,19154500
12/3/2019,1769.959961,3380900,198.820007,11595300,56.07,25737400
12/4/2019,1760.689941,2670100,198.710007,8456300,56.02,18881400
12/5/2019,1740.47998,2823800,199.360001,9740400,56.080002,17673700
12/6/2019,1751.599976,3117400,201.050003,12270600,56.810001,16476800
12/9/2019,1749.51001,2442800,201.339996,11954800,56.529999,14298600
12/10/2019,1739.209961,2514300,200.869995,9475700,56.59,16157900
12/11/2019,1748.719971,2097600,202.259995,8036800,57.07,20051100
12/12/2019,1760.329956,3095900,196.750000,23734800,57.549999,27883300
12/13/2019,1760.939941,2745700,194.110001,18798000,57.790001,22795200
12/16/2019,1769.209961,3145200,197.919998,14911500,57.700001,19131200
12/17/2019,1790.660034,3644400,198.389999,10175700,57.299999,21653100
12/18/2019,1784.030029,3351400,202.500000,23274400,57.169998,28261000
12/19/2019,1792.280029,2652800,206.059998,16514600,57.959999,18865100
12/20/2019,1786.5,5150800,206.300003,27306900,58.950001,49953000
12/23/2019,1793,2136400,206.179993,13348900,59.23,23593000
12/24/2019,1789.209961,881300,205.119995,6046300,59.41,6313200
12/26/2019,1868.77002,6005400,207.789993,9350700,59.82,11480300
12/27/2019,1869.800049,6186600,208.100006,10284200,60.080002,14085800
12/30/2019,1846.890015,3674700,204.410004,10524300,59.619999,12750500
12/31/2019,1847.839966,2506500,205.250000,8953500,59.849998,14432900
1/2/2020,1898.01001,4029000,209.779999,12077100,60.84,18056000
1/3/2020,1874.969971,3764400,208.669998,11188400,60.099998,15293900
1/6/2020,1902.880005,4061800,212.600006,17058900,59.93,17755200
1/7/2020,1906.859985,4044900,213.059998,14912400,58.93,21876100
1/8/2020,1891.969971,3508000,215.220001,13475000,58.970001,23133500
1/9/2020,1901.050049,3167300,218.300003,12642800,59.299999,18813300
1/10/2020,1883.160034,2853700,218.059998,12119400,58.939999,15200600
1/13/2020,1891.300049,2780800,221.910004,14463400,59.59,16453300
1/14/2020,1869.439941,3440900,219.059998,13288900,59.43,17051200
1/15/2020,1862.02002,2896600,221.149994,10036500,58.939999,18498800
1/16/2020,1877.939941,2659500,221.770004,10015300,59.66,21365500
1/17/2020,1864.719971,3997300,222.139999,15905900,59.599998,21803400
1/21/2020,1892,3707800,221.440002,14275800,60.549999,28358500
1/22/2020,1887.459961,3216300,221.320007,12212800,62.73,29475100
1/23/2020,1884.579956,2484600,219.759995,11195000,63.32,42778700
1/24/2020,1861.640015,3766200,217.940002,11905800,68.470001,84711000
1/27/2020,1828.339966,3528500,214.869995,13810700,65.690002,30764000
1/28/2020,1853.25,2808000,217.789993,13413800,67.309998,30915400
1/29/2020,1858,2088000,223.229996,33181300,66.330002,18055800
1/30/2020,1870.680054,6327400,209.529999,48775500,66.470001,18522400
1/31/2020,2008.719971,15567300,201.910004,31359900,63.93,25268400
2/3/2020,2004.199951,5899100,204.190002,15510500,64.419998,16654600
2/4/2020,2049.669922,5289300,209.830002,19628900,65.459999,20970800
2/5/2020,2039.869995,4376200,210.110001,12538200,67.339996,23401400
2/6/2020,2050.22998,3183000,210.850006,10567500,67.089996,17408000
2/7/2020,2079.280029,5095300,212.330002,12242500,66.019997,18134600
2/10/2020,2133.909912,5056200,213.059998,11856400,66.389999,22299300
2/11/2020,2150.800049,5746000,207.190002,25030800,67.410004,17975600
2/12/2020,2160,3319400,210.759995,13813700,67.459999,15586600
